1024961,unknown
1010301,unknown
101123,Christine M. Harris
102164,Hank Friedman
101174,Kurt Cobain
103519,Brittany Mccrea
100909,Giuseppe Maria Ciravolo
1020826,unknown
1019161,Por Mcm
1022231,unknown
1027526,Ramin Djwadi
1033836,unknown
101861,Howard Shore
1031626,J.Moore
103221,unknown
1022266,unknown
101973,Joe Zawinul
100724,unknown
102719,Lydia Grace Ryan
1023861,Koji Kondo
101288,unknown
1018926,Anonimo
101637,J.J.Derwin
102762,Priscilla Stubbs
1031061,unknown
1031431,unknown
102627,Nine Inch Nails
100564,unknown
1002886,unknown
1026966,Plain White Ts
100071,unknown
103574,L.E.Kenny
1034371,Mark Ronson Ethan Hamilton
1024371,unknown
1031036,Quentin Doyen
101733,Karl Hoschna
100088,unknown
1033621,Hellen Jo
101226,Pasa
100525,unknown
102324,Claudio Miranda
1013556,Ben E. King
1013106,Giuseppe Maria Ciravolo
1020611,unknown
1030611,unknown
102646,unknown
101656,unknown
1018101,unknown
1032856,Jean-Philippe Rameau
101894,unknown
1013576,Compateur
1030216,Daft Punk
1023986,unknown
1025151,unknown
103515,unknown
100339,Max Bilyk
10296,E.Elger
1014876,unknown
102884,Clemke
100440,unknown
102538,unknown
1020996,unknown
1015621,Manning Sherwinalan Billingsley
1021411,Rudi Schäfer
101882,unknown
1024756,unknown
101494,unknown
1022051,John Bishop
102892,unknown
1022401,Isaiah Sweet
1026911,unknown
1027746,Ludovico Einaudi
1014026,unknown
103554,unknown
102345,Miguelangel García Márquez
102715,Brandon Liu Braden Shimp
1026946,Nazeeh Aluqdah
1020191,unknown
101210,Gabriel Joseph Manning Welsh
102596,Foster The People
1014421,unknown
1035686,unknown
1025686,Sorahya Woods
101705,unknown
1004,Modeste Moussorgsky
1027506,Jean-Michel Corgeron
103485,Tabjcs
100303,unknown
100753,Metallica
100246,David Guetta
1026481,unknown
1022991,unknown
100495,Nebuer
102851,unknown
103256,B. Howard
1018496,Kabass
10351,unknown
100211,Anonym
100587,unknown
1029666,John Lennon
1033791,Gabriel Faure
103094,unknown
102390,Jesse Tyler Castaneda
101416,Sweet Honey The Rocks
1033011,Davan
103217,Tristan Wilson
1013331,unknown
102778,unknown
1026301,N. Kohn
100315,unknown
1026751,Karl Jenkins
1012,unknown
1031581,Lucy Berman
101912,unknown
100179,Greg Simmons
100529,unknown
1016021,unknown
1020406,Jcstab
103240,Nintendo
101769,unknown
1033381,Mike Morasky
10311,E.Elger
101155,Cody J. Olszewski
1013,unknown
103538,unknown
1025081,unknown
10346,unknown
1019101,unknown
1035351,unknown
1016061,unknown
103129,unknown
101114,unknown
1021191,Gregorio Edward Alvarez
1035756,unknown
1005026,unknown
1023401,Musik  Purple Schulz
101456,Suman Sharma
101006,George Gershwin
1031781,King Crimson
103386,Aaron
1015661,unknown
102981,Jun Ichikawa
102201,unknown
1019091,Andrea Falconieri 
1028666,unknown
103410,Christopher Berry
1028236,Trent Reznor
101568,Julian Maraboto
100729,unknown
1031851,Erin Panjer
1035541,unknown
100007,unknown
100457,unknown
102939,unknown
1014861,unknown
1015266,unknown
103017,Martin
101180,Daniele Pasini
102606,John Phillip Sousa
101600,George  Ira Gershwin
103282,James Powers
103144,unknown
100338,Taylor Swift
1026286,unknown
102581,Neil Davidge
100945,unknown
101342,unknown
103406,Alessio Garone
1023196,unknown
101509,Stephanie Hanson
1021426,Carlos Rosas
101270,Maria Linneman
1022436,unknown
1022066,unknown
100461,Erin Nemivant
1013916,unknown
101948,Tiana Menezes
1029411,unknown
100089,unknown
1013296,unknown
100066,Sam The Great Powerful
1001751,unknown
1021871,unknown
1014396,unknown
102364,Madame Brillon
102734,unknown
1035561,Kiko Ruiz
103430,unknown
1026121,unknown
100135,unknown
103349,David A. Debroux
101374,unknown
100836,unknown
1016981,Richard Greig Ii
1031826,unknown
103522,unknown
103467,Arvallo
1013111,Anthony Windau
1013541,unknown
101289,unknown
1026526,unknown
100498,Nebuer
1026176,Johann Pachelbel
100027,Franz Schubert
1018531,Daft Punk
101636,unknown
1033231,Malachi Salyers
1033026,unknown
1023476,unknown
100725,Alexandre Dumont
1026731,Karl Jenkins
101134,unknown
1013886,unknown
1019971,Daniel Baux
102962,Kings Of Leon
1028056,unknown
103220,unknown
101708,Bendik Goldstein
1035371,unknown
1016411,Glimmer Phosphorescence
1023421,Queen Caleb Coder
1018321,unknown
1025,unknown
101163,unknown
1015456,unknown
1026766,unknown
1028001,A.Corelli
1030431,unknown
1030061,unknown
1016446,unknown
102173,unknown
1025776,unknown
101933,unknown
100271,Sara Jean Lane
102759,Michelle Nguyen
101525,Jess
1021666,Charles Hubert Hastings Parry
1030831,unknown
1020831,unknown
1024171,unknown
1017996,unknown
101122,unknown
1031261,unknown
1016811,unknown
102077,unknown
1024126,Armin Caduff
1031006,unknown
101083,unknown
1024341,unknown
102705,unknown
1022016,Megan Mckeith
102139,unknown
10101,Daniel Meyers
1014061,Glimmer Phosphorescence
102093,unknown
1025696,Les Feuilles Mortes
100807,unknown
102990,unknown
102302,Kovács  Botond
100295,Kaylee Payne
101484,Claudio Miranda
103143,Bart Howard
1026901,Pachelbel
101312,unknown
10156,Nikolai Kedrov
102494,Danny Jacob
1032391,unknown
100796,unknown
1022391,unknown
101187,unknown
101168,Kyle Jelen
1021801,unknown
1023996,unknown
100283,Max Bilyk
1016621,Andro Alexandru Sebastian
1033996,Nazeeh Aluqdah
100000,unknown
102528,unknown
1028231,unknown
100391,unknown
101996,Hans Zimmer Pranav Singh
1035546,unknown
103552,unknown
103102,unknown
1033241,Yiruma
102969,unknown
102986,unknown
102085,Tokyo Ska Paradise Orchestra
100112,unknown
1022846,unknown
100755,E. Elgar H.Patton
1002,unknown
103179,unknown
1018886,Mikado
100186,unknown
1022581,For Piano
102380,unknown
1016436,unknown
1012926,unknown
1035706,unknown
102945,unknown
100978,unknown
1020011,unknown
1013771,Transcribed Caio Cezar Fernandes
1019686,Franz Schubert
1030441,Zun Williatico  Hartmann
1013321,Philip Glowa
102729,unknown
101555,A. Borodin
1027541,Pierre-Adrien Langrognet
101040,Bethofen
1022606,Crosby Linn Lagrone
1032606,Snow Patrol
100981,Josh Fulford
1024101,unknown
1021616,unknown
1016836,unknown
102953,Riteous Brothers
1031616,Steven Menckowski
101152,Blankenship Johnson
1025481,unknown
1032651,Viola King
100256,Chrif Rice-Rake
1024506,unknown
102841,unknown
1032981,unknown
1031641,Hanson-Lee Harjono
101781,Shostglass
1023386,Cèline Dion
1016816,unknown
1031266,unknown
102565,unknown
102135,unknown
1020861,unknown
1032626,unknown
1029986,unknown
103118,unknown
1031231,unknown
1013086,unknown
1027536,unknown
100299,unknown
102461,unknown
1020436,unknown
1018326,Kailas Rajan
1026761,Transcripción Omar Carrillo
1026331,unknown
102748,unknown
1034971,unknown
1035726,Nobuo Uematsu
101133,Seal
100722,unknown
1026736,Karl Jenkins
1017786,unknown
1014846,Lauridsen
1016251,Cameron Papandria
102621,unknown
1013116,unknown
1028991,unknown
1014811,Javier Barandiaran Uriarte
1018561,unknown
1035566,Jun Maeda
1028211,Bettina
1013141,unknown
1014411,unknown
102119,unknown
1016586,Mackenzie Maxwell
1027721,François Noëll
100962,Louis Vierne
1022036,unknown
101220,Hermeto Pascoal
1019366,unknown
1013291,unknown
1013911,Carl-Bertil Agnestig
1017051,unknown
102725,unknown
100348,Allie Payne
102230,unknown
100870,Mário Mascarenhas
100523,unknown
1019761,L. Franklin
1028196,unknown
1034766,unknown
1018,unknown
1034336,unknown
102267,unknown
1019,unknown
103477,Gershwin
1030661,unknown
100488,Asia Kaiser
1023221,unknown
100467,unknown
1029786,Hilarión Eslava
1033671,Yasuharu Takanashi
1013506,unknown
102118,unknown
1028986,Andrew Cedar
1026131,unknown
100575,unknown
1015651,Franz Schubert
101364,unknown
1018126,unknown
1017046,unknown
1021031,unknown
101372,Alfred H. Ackley
10136,unknown
100426,J.A.D.M.M.M.
1013286,Ryan Fernandes
1019371,unknown
101237,unknown
100975,unknown
101667,Hanna Kim
1017441,unknown
100758,unknown
1024771,unknown
1021436,unknown
103031,Ann Ronell
1031066,unknown
1014451,unknown
100164,unknown
100534,unknown
100922,unknown
101260,Mr. Trey Johnson
1017986,unknown
100236,H. Joseph Mathusek
1022631,unknown
101077,John Rutter Sam Welch
1014996,unknown
1034566,unknown
1001106,Kenichi Nishimaki
1023,unknown
101165,unknown
1029246,unknown
1021676,unknown
1031226,Jaime Martinez
1024161,unknown
1028841,Felix Mendelssohn
101935,P.P.Bliss
101466,unknown
1035,unknown
103267,Charles Mingus
1035766,unknown
103288,unknown
1033466,Aleksei Turenkov
100670,unknown
1013896,Joaquim Manuel Da Silva
1015041,unknown
102421,B. Britten
1013316,unknown
103230,Ruwan Jay
1024966,unknown
100109,Jonathan Hill
1012966,unknown
1025746,unknown
1020401,unknown
1026756,unknown
1031586,unknown
100980,Sir Arthur Sullivan
103210,Pixinguinha
1026351,Mwböö
100715,Lauren Daly
102728,unknown
1015061,unknown
1028836,unknown
1017226,Maxnono
1031601,Lucy Berman
1018096,unknown
1031251,unknown
1033796,Robert Lebel
102417,unknown
1021251,unknown
1030786,Duc. De Cedronio
1022611,unknown
1017621,Thomas Bergersen
1034511,unknown
100492,unknown
1029636,unknown
102293,Julian Maraboto
102769,unknown
101000,unknown
1019351,Carl Orff
101647,Jason Hwang
101702,Hans Zimmer
1027346,unknown
1025681,Steven M. Kudlo
1029421,unknown
100685,Moritz Chrupala
1024706,Armin Caduff
101094,unknown
1034706,Isiakpona Chiwendu Uchechukwu
103553,unknown
1013926,unknown
1020591,unknown
1025286,unknown
101305,Eric Bingham-Kumpf
1029476,unknown
1031046,Phillip Phillips
101186,unknown
101169,D. Duncan
1017031,unknown
102315,David Martynuik
1018501,Kabass
1022806,unknown
1030211,unknown
1025506,unknown
100555,John Rutter Sam Welch
100806,unknown
1031841,unknown
101981,unknown
102455,unknown
100468,unknown
101296,Suman Sharma
1029766,Rammstein
100604,unknown
102639,unknown
100254,Dimrain47
10251,Alec Targett
1015936,Juan Brito
1016,unknown
101500,Rachel Mcclanahan
1017726,Glimmer Phosphorescence
1017376,unknown
1023296,Koji Kondo
100079,unknown
1016571,Francesc Bitlloch
100429,J.A.D.M.M.M.
101238,unknown
102551,unknown
102678,unknown
1024396,unknown
103252,unknown
1013231,Julián Prado
1030551,unknown
1018241,unknown
102087,unknown
100110,unknown
1023756,Joe Hisaishi
1018056,unknown
1020316,Zech Lumpkin
103550,John Williams
101994,unknown
1029971,Ronald Karle
103045,Jacob Watts
1033351,unknown
101306,unknown
1023351,unknown
102746,unknown
1013421,unknown
102496,unknown
100014,unknown
101486,unknown
100106,unknown
1019651,unknown
10046,Dixie Chicks
1014576,unknown
1027216,Fernando Lopes Graça
1000866,unknown
1023486,Félix Mendelson
1027996,Johann Sebastian Bach
1031141,unknown
103546,unknown
102642,Aronzhin
102635,Sean Harrington
1017141,Aditional Matheus Siagian
1021566,P.Tchaikovsky
1025876,unknown
1012986,Linda Stassen
1014151,unknown
1018871,Clarise Towson
100464,John T. Graves
100521,unknown
1022576,unknown
102662,unknown
10066,David J. Godbold
101222,unknown
1035071,F. Wohlfahrt
1025421,unknown
1015351,unknown
1016316,unknown
1028881,unknown
1026466,unknown
101263,unknown
101776,Elia Nicholas
102859,Mozart
100864,Uda Goode
1023721,unknown
100720,unknown
1000256,unknown
101561,unknown
103049,unknown
101977,unknown
102658,unknown
102571,Guillermo Gomez U.
100059,unknown
1027871,unknown
100262,unknown
100632,unknown
1019866,unknown
1015516,unknown
1034861,unknown
1032736,Zachary Mckinon
1023961,unknown
1029896,unknown
100274,J. Labbe
1029746,unknown
102530,Tango De Marià Homs
102475,unknown
102926,unknown
103264,unknown
1014346,unknown
101598,unknown
1021321,Trad. Abrahamic
102834,Carly Neumann
102971,Nina Simone
102566,Butch Cornell
1030531,unknown
1034821,unknown
102136,unknown
1024821,unknown
1026236,unknown
1017091,Ton Lans
1020566,unknown
1025621,unknown
1015501,unknown
1029301,unknown
1020966,unknown
1028286,unknown
1032371,unknown
100263,unknown
102989,unknown
100058,unknown
102065,unknown
1015686,Melissa Morris
1019076,unknown
102209,Claude-Michel Schönberg
10026,Johann Pachelbel
1026871,Julien D. Ward
101327,unknown
100536,unknown
1034636,unknown
1021121,unknown
1029141,Julian Felipe
1031571,unknown
1027671,unknown
103208,James Thomas April
100074,unknown
102049,Andrew Lloyd Webber
100131,Tobias Gad Lindy Robbins
102225,unknown
100648,unknown
1031176,unknown
1025836,unknown
1007681,Gerard Van Amstel
1026076,Guillermo Paredes Cruz
101673,unknown
1032936,Krys Warfield
1018061,Bassäää
1031926,Tony Mccahill
102726,Groenleer Hamilton
1030771,unknown
1020321,unknown
101624,unknown
100465,unknown
100259,Jay Althouse
1016301,Gorillaz
103475,unknown
1021971,unknown
1015891,unknown
102706,Carly Neumann
1028361,Lady Gaga
101080,unknown
101595,unknown
1025416,Alan Menken
102643,Thani Abuhamad 1995-Present
1035046,Jacob De Haan
1016726,unknown
1021286,unknown
100557,unknown
103394,unknown
1020356,unknown
1028336,unknown
1035441,unknown
1029931,unknown
102497,unknown
102881,Abargstadt
103269,C. Gardel
102478,Pachelbel
101868,unknown
1029531,unknown
103013,Daniele Pasini
1024246,Odin Mcdermott
101757,unknown
1032541,Koji Kondo
102897,unknown
103551,John Williams
101995,unknown
1021156,Manuel M. Ponce
101079,Livan Nalan Venilok
1017571,Isaac Spitler Christina Kim
101583,Alexander Reinagle
1019646,Modus Vetus
1032146,Keith Getty
101700,Lykke Li
100812,Thomas Duell
1024991,unknown
1025396,unknown
10051,unknown
100054,unknown
102784,D. Montero
100756,unknown
1034456,unknown
100490,unknown
1018186,unknown
101956,Tabjcs
1035586,Дарин Сысоев
1022756,unknown
100582,François Reincke
1022886,Koji Kondo
101239,unknown
1017731,Matthew Foreman
1033281,Phill Collins
1016966,unknown
1018581,unknown
1026646,unknown
1031496,unknown
1033151,D.F.
1023501,Meghan Trainor
100347,unknown
100717,unknown
1008981,Compateur
1019386,unknown
1024801,unknown
1020141,Kayleigh Lane
101444,Alex Jasper
102638,unknown
100605,unknown
100740,unknown
1023106,Abir Sharma
100039,unknown
1035251,unknown
102454,Wladimir Rébikow
101782,unknown
1028526,Matt Andrew
1020116,Bear Mccreary
1019781,Geoge Gershwin
1013676,unknown
1016756,unknown
102263,unknown
102633,Dawn Mccollum
101859,Hans Zimmer
1028741,James Balazs
100462,unknown
100032,unknown
100527,unknown
1023731,unknown
100177,A. L. Thornburg
1014696,unknown
1016701,unknown
1035061,unknown
101048,unknown
1021921,unknown
1025061,Michel Sardou
1028716,unknown
1017956,Francesc Bitlloch
102371,unknown
1032931,unknown
1022931,unknown
100120,unknown
1023766,Nazeeh Aluqdah
1017106,unknown
100423,unknown
1014116,unknown
100073,unknown
100589,River Harris
1013811,Daniel Ingram
10021,Johann Pachelbel
1014141,Traditional
101770,Sam Lipman
100862,unknown
1022136,Βαμβακαρης
101567,Hayden Elshaw
101971,unknown
101072,Paul Mccartney Bill Swick
1027436,三木たかし
102127,unknown
103389,unknown
1017346,田中公平
1032376,Twisted Measure
1019026,unknown
1026,unknown
101160,unknown
102259,unknown
1033971,Carson Perkins
1029756,Georg Philipp Telemann 
102520,Nintendo
1028901,unknown
1023571,Georg Philipp Telemann
1026266,unknown
1015506,Roger Hoffman Roger Hoffman
1020561,unknown
101822,Freddie Mercury
1023176,unknown
1015101,unknown
103370,unknown
1028556,unknown
1030536,unknown
1013256,Fun Janelle Monáe
100419,unknown
102074,Chris Ryan
1027791,Scott Joplin
102453,unknown
1019786,David Song
1020541,Kohn
1028171,Bettina
101910,Marc Sabatella
103184,unknown
101855,Rihanna
103215,Giacomo Puccini
1024806,unknown
1019381,Adriana
1032481,Ashwin Krishnaswamy
1015121,unknown
103079,unknown
1023506,Meghan Trainor
101551,Sweet Honey The Rocks
103203,unknown
1033906,Hose270
10216,Mozartsussmayer  Dempsey
100213,John Banister 
101052,unknown
1021891,unknown
100706,unknown
1015971,unknown
100478,unknown
100182,unknown
1026196,unknown
1031716,unknown
1025186,unknown
10241,unknown
101510,unknown
1006,unknown
1001271,Michael Richardson
1026801,unknown
1019246,unknown
1032116,unknown
1032546,unknown
1020081,unknown
1025796,S M. Kudlo
101245,unknown
1027601,unknown
102193,unknown
100454,Malik Ming
101496,unknown
103151,unknown
103014,Xavier Mora
100854,unknown
102869,Robert Ellis
101746,Bill Graham
1021686,unknown
1013431,unknown
1017921,unknown
1030701,Zulu Song Afrika
102243,unknown
1031956,unknown
1033316,unknown
103239,Mogens J.Nissen
1020886,unknown
1028366,unknown
1020306,unknown
102214,unknown
1035041,Yokoyama Shin-Itchiro
101438,unknown
1033481,Oskaren
1021146,Manuel M. Ponce
1027991,unknown
1025806,unknown
102350,Kawaitachi-Chan
102215,unknown
1026396,unknown
1017131,unknown
100101,unknown
1030491,Mi Trầm
103516,unknown
103146,unknown
1018786,unknown
1017166,unknown
1034256,Pink Floyd
100785,G.F.Handel
103280,Pagano
101747,unknown
1030096,unknown
100506,unknown
102184,unknown
102887,F.Couperin
1025781,unknown
103150,unknown
1020346,unknown
100793,unknown
1025451,unknown
1025001,unknown
1018006,unknown
1031691,unknown
1034186,unknown
102891,unknown
100455,Malik Ming
102346,Miguelangel García Márquez
1017961,unknown
1013021,unknown
103042,Jacob Watts
1014971,J . M
100117,Cecilia Olivia
1026046,Charles Gounod
100402,Jared Keffer
1024581,Avicii
100052,unknown
1032906,Anon
1019841,Grant L.
100750,unknown
1020556,Kohn
102385,Jeremy Evans
1015136,unknown
1018641,unknown
102690,unknown
100357,unknown
1013261,unknown
1026986,unknown
103347,unknown
1021886,Ashwin Krishnaswamy
103078,unknown
102669,unknown
101946,unknown
1030281,Charles Steven
1022746,Carcassi
1026586,Will Fritz
100068,Abby Orton
1017371,Victor
100087,unknown
102540,unknown
1023291,unknown
102794,unknown
1004766,unknown
1011,unknown
1032341,Cecilia
1017326,unknown
1026181,unknown
1021351,unknown
1031351,unknown
1031326,unknown
102833,Carly Neumann
1031776,Miguel Rattana
1021326,unknown
100418,unknown
103234,Evert Taube
101209,Patrick Ireland
1030921,Seth Hughes
101659,Josh Tilson
1034431,unknown
1013191,Fun Janelle Monáe
101823,Freddie Mercury
1014711,unknown
102219,Meghan Burke
100859,unknown
1012411,unknown
102921,unknown
103263,Guy Lafarge
102022,Bruce Springsteen
1015911,Dominique Pons
102872,Robert Ellis
1030126,unknown
1025631,unknown
1019861,unknown
1026621,unknown
100265,unknown
100635,unknown
1035236,Faraji Kendagor
101566,unknown
101835,unknown
1023531,Барков А.А.
1023376,unknown
1018476,unknown
1018026,Sullivan
101321,unknown
1014906,unknown
100588,unknown
1021936,unknown
1035076,Rob Goorhuis
102223,unknown
102366,U Þhrmapoljayn
1013001,unknown
1014551,unknown
102059,J.F.Burgmüller
101730,Matthew Maxam
102665,G.Sauvlet
102235,John Powell
102720,Lydia Grace Ryan
100875,unknown
1013386,unknown
102798,unknown
102632,unknown
1021561,unknown
