1024961,['unknown']
1010301,['unknown']
101123,"['Christine M. Harris', 'Christine M. Harris', 'Christine M. Harris']"
102164,"['Hank Friedman', 'Hank Friedman', 'Hank Friedman']"
101174,"['Kurt Cobain', 'Kurt Cobain', 'Kurt Cobain']"
103519,"['Brittany Mccrea', 'Brittany Mccrea', 'Brittany Mccrea']"
100909,"['Giuseppe Maria Ciravolo', 'Giuseppe Maria Ciravolo', 'Giuseppe Maria Ciravolo']"
1020826,['unknown']
1019161,"['Por Mcm', 'Por Mcm', 'Por Mcm']"
1022231,['unknown']
1027526,"['Ramin Djwadi', 'Ramin Djwadi', 'Ramin Djwadi']"
1033836,['unknown']
101861,"['Howard Shore', 'Howard Shore', 'Howard Shore']"
1031626,"['J.Moore', 'J.Moore', 'J.Moore', 'J.Moore']"
103221,['unknown']
1022266,"['Astor Piazzolla', 'Astor Piazzolla', 'Astor Piazzolla']"
101973,"['Joe Zawinul', 'Joe Zawinul', 'Joe Zawinul']"
100724,['unknown']
102719,"['Lydia Grace Ryan', 'Lydia Grace Ryan', 'Lydia Grace Ryan']"
1023861,"['Koji Kondo', 'Koji Kondo', 'Koji Kondo']"
101288,['unknown']
1018926,"['Anonimo', 'Anonimo', 'Anonimo']"
101637,"['J.J.Derwin', 'J.J.Derwin', 'J.J.Derwin']"
102762,"['Priscilla Stubbs', 'Priscilla Stubbs']"
1031061,['unknown']
1031431,['unknown']
102627,"['Nine Inch Nails', 'Nine Inch Nails', 'Nine Inch Nails']"
100564,['unknown']
1002886,['unknown']
1026966,"['Plain White Ts', 'Plain White Ts', 'Plain White Ts', 'Plain White Ts']"
100071,['unknown']
103574,"['L.E.Kenny', 'L.E.Kenny', 'L.E.Kenny']"
1034371,"['Mark Ronson Ethan Hamilton', 'Mark Ronson Ethan Hamilton', 'Mark Ronson Ethan Hamilton', 'Mark Ronson Ethan Hamilton']"
1024371,['unknown']
1031036,"['Quentin Doyen', 'Quentin Doyen', 'Quentin Doyen', 'Quentin Doyen', 'Quentin Doyen', 'Quentin Doyen']"
101733,"['Karl Hoschna', 'Karl Hoschna', 'Karl Hoschna']"
100088,['unknown']
1033621,"['Hellen Jo', 'Hellen Jo', 'Hellen Jo', 'Hellen Jo']"
101226,"['Pasa', 'Pasa', 'Pasa']"
100525,['unknown']
102324,"['Claudio Miranda', 'Claudio Miranda', 'Claudio Miranda']"
1013556,"['Ben E. King', 'Ben E. King', 'Ben E. King']"
1013106,"['Giuseppe Maria Ciravolo', 'Giuseppe Maria Ciravolo', 'Giuseppe Maria Ciravolo']"
1020611,['unknown']
1030611,['unknown']
102646,['unknown']
101656,['unknown']
1018101,['unknown']
1032856,"['Jean-Philippe Rameau', 'Jean-Philippe Rameau', 'Jean-Philippe Rameau', 'Jean-Philippe Rameau']"
101894,['unknown']
1013576,"['Compateur', 'Compateur', 'Compateur']"
1030216,"['Daft Punk', 'Daft Punk', 'Daft Punk', 'Daft Punk']"
1023986,['unknown']
1025151,['unknown']
103515,['unknown']
100339,"['Max Bilyk', 'Max Bilyk', 'Max Bilyk']"
10296,"['E.Elger', 'E.Elger', 'E.Elger']"
1014876,['unknown']
102884,"['Clemke', 'Clemke', 'Clemke']"
100440,['unknown']
102538,['unknown']
1020996,['unknown']
1015621,"['Manning Sherwinalan Billingsley', 'Manning Sherwinalan Billingsley', 'Manning Sherwinalan Billingsley', 'Manning Sherwinalan Billingsley']"
1021411,"['Rudi Schäfer', 'Melodie Rudi Schäfer', 'Melodie Rudi Schäfer', 'Melodie Rudi Schäfer']"
101882,['unknown']
1024756,['unknown']
101494,['unknown']
1022051,"['John Bishop', 'Illsley John Bishop', 'Illsley John Bishop', 'Illsley John Bishop']"
102892,['unknown']
1022401,"['Isaiah Sweet', 'Isaiah Sweet', 'Isaiah Sweet', 'Isaiah Sweet']"
1026911,['unknown']
1027746,"['Ludovico Einaudi', 'Ludovico Einaudi', 'Ludovico Einaudi']"
1014026,['unknown']
103554,['unknown']
102345,"['Miguelangel García Márquez', 'Miguelangel García Márquez', 'Miguelangel García Márquez']"
102715,"['Brandon Liu Braden Shimp', 'Brandon Liu Braden Shimp', 'Brandon Liu Braden Shimp']"
1026946,"['Nazeeh Aluqdah', 'Nazeeh Aluqdah', 'Nazeeh Aluqdah']"
1020191,['unknown']
101210,"['Gabriel Joseph Manning Welsh', 'Gabriel Joseph Manning Welsh', 'Gabriel Joseph Manning Welsh']"
102596,"['Foster The People', 'Foster The People', 'Foster The People']"
1014421,['unknown']
1035686,['unknown']
1025686,"['Sorahya Woods', 'Sorahya Woods', 'Sorahya Woods', 'Sorahya Woods']"
101705,['unknown']
1004,"['Modeste Moussorgsky', 'Modeste Moussorgsky', 'Modeste Moussorgsky']"
1027506,"['Jean-Michel Corgeron', 'Jean-Michel Corgeron', 'Jean-Michel Corgeron', 'Jean-Michel Corgeron']"
103485,"['Tabjcs', 'Tabjcs', 'Tabjcs']"
100303,['unknown']
100753,"['Metallica', 'Metallica', 'Metallica']"
100246,"['David Guetta', 'David Guetta', 'David Guetta']"
1026481,['unknown']
1022991,['unknown']
100495,"['Nebuer', 'Nebuer', 'Nebuer']"
102851,['unknown']
103256,"['B. Howard', 'B. Howard', 'B. Howard']"
1018496,"['Kabass', 'Kabass', 'Kabass']"
10351,['unknown']
100211,"['Anonym', 'Anonym', 'Anonym']"
100587,['unknown']
1029666,"['John Lennon', 'John Lennon', 'John Lennon']"
1033791,"['Gabriel Faure', 'Gabriel Faure', 'Gabriel Faure']"
103094,['unknown']
102390,"['Jesse Tyler Castaneda', 'Jesse Tyler Castaneda', 'Jesse Tyler Castaneda']"
101416,"['Sweet Honey The Rocks', 'Sweet Honey The Rocks', 'Sweet Honey The Rocks']"
1033011,"['Davan', 'Davan', 'Davan', 'Davan']"
103217,"['Tristan Wilson', 'Tristan Wilson', 'Tristan Wilson']"
1013331,['unknown']
102778,['unknown']
1026301,"['N. Kohn', 'N. Kohn', 'N. Kohn', 'N. Kohn']"
100315,['unknown']
1026751,"['Karl Jenkins', 'Karl Jenkins', 'Karl Jenkins', 'Karl Jenkins']"
1012,['unknown']
1031581,"['Lucy Berman', 'Lucy Berman', 'Lucy Berman']"
101912,['unknown']
100179,"['Greg Simmons', 'Greg Simmons', 'Greg Simmons']"
100529,['unknown']
1016021,['unknown']
1020406,"['Jcstab', 'Jcstab', 'Jcstab', 'Jcstab']"
103240,"['Nintendo', 'Nintendo', 'Nintendo']"
101769,['unknown']
1033381,"['Mike Morasky', 'Mike Morasky', 'Mike Morasky', 'Mike Morasky']"
10311,"['E.Elger', 'E.Elger', 'E.Elger']"
101155,"['Cody J. Olszewski', 'Cody J. Olszewski', 'Cody J. Olszewski']"
1013,['unknown']
103538,['unknown']
1025081,['unknown']
10346,['unknown']
1019101,['unknown']
1035351,['unknown']
1016061,['unknown']
103129,['unknown']
101114,['unknown']
1021191,"['Gregorio Edward Alvarez', 'G. E. A.', 'G. E. A.', 'G. E. A.']"
1035756,['unknown']
1005026,['unknown']
1023401,"['Purple Schulz', 'Purple Schulz']"
101456,"['Suman Sharma', 'Suman Sharma', 'Suman Sharma']"
101006,"['George Gershwin', 'George Gershwin', 'George Gershwin']"
1031781,"['King Crimson', 'King Crimson', 'King Crimson']"
103386,"['Aaron', 'Aaron', 'Aaron']"
1015661,['unknown']
102981,"['Jun Ichikawa', 'Jun Ichikawa', 'Jun Ichikawa']"
102201,['unknown']
1019091,"['Andrea Falconieri ', 'Andrea Falconieri ', 'Andrea Falconieri ', 'Andrea Falconieri ']"
1028666,['unknown']
103410,"['Christopher Berry', 'Christopher Berry', 'Christopher Berry']"
1028236,"['Trent Reznor', 'Trent Reznor', 'Trent Reznor']"
101568,"['Julian Maraboto', 'Julian Maraboto', 'Julian Maraboto']"
100729,['unknown']
1031851,"['Erin Panjer', 'Erin Panjer', 'Erin Panjer']"
1035541,['unknown']
100007,['unknown']
100457,"['I.N.Art Studios', 'I.N.Art Studios', 'Shakira']"
102939,['unknown']
1014861,['unknown']
1015266,['unknown']
103017,"['Martin', 'Martin', 'Martin']"
101180,"['Daniele Pasini', 'Daniele Pasini', 'Daniele Pasini']"
102606,"['John Phillip Sousa', 'John Phillip Sousa', 'John Phillip Sousa']"
101600,"['George  Ira Gershwin', 'George  Ira Gershwin', 'George  Ira Gershwin']"
103282,"['James Powers', 'James Powers', 'James Powers']"
103144,['unknown']
100338,"['Taylor Swift', 'Taylor Swift', 'Taylor Swift']"
1026286,['unknown']
102581,"['Neil Davidge', 'Neil Davidge', 'Neil Davidge']"
100945,['unknown']
101342,['unknown']
103406,"['Alessio Garone', 'Alessio Garone', 'Alessio Garone']"
1023196,['unknown']
101509,"['Stephanie Hanson', 'Stephanie Hanson', 'Stephanie Hanson']"
1021426,"['Carlos Rosas', 'Melodie Carlos Rosas', 'Melodie Carlos Rosas', 'Melodie Carlos Rosas']"
101270,"['Maria Linneman', 'Maria Linneman', 'Maria Linneman']"
1022436,['unknown']
1022066,['unknown']
100461,"['Erin Nemivant', 'Erin Nemivant', 'Erin Nemivant']"
1013916,['unknown']
101948,"['Tiana Menezes', 'Tiana Menezes', 'Tiana Menezes']"
1029411,['unknown']
100089,['unknown']
1013296,['unknown']
100066,"['Sam The Great Powerful', 'Sam The Great Powerful', 'Sam The Great Powerful']"
1001751,['Toshiro Masuda']
1021871,['unknown']
1014396,['unknown']
102364,"['Madame Brillon', 'Madame Brillon', 'Madame Brillon']"
102734,['unknown']
1035561,"['Kiko Ruiz', 'Kiko Ruiz', 'Kiko Ruiz']"
103430,['unknown']
1026121,['unknown']
100135,['unknown']
103349,"['David A. Debroux', 'David A. Debroux', 'David A. Debroux']"
101374,['unknown']
100836,['unknown']
1016981,"['Richard Greig Ii', 'Richard Greig Ii', 'Richard Greig Ii']"
1031826,['unknown']
103522,['unknown']
103467,"['Arvallo', 'Arvallo', 'Arvallo']"
1013111,"['Anthony Windau', 'Anthony Windau', 'Anthony Windau', 'Anthony Windau']"
1013541,['unknown']
101289,['unknown']
1026526,['unknown']
100498,"['Nebuer', 'Nebuer', 'Nebuer']"
1026176,"['Johann Pachelbel', 'Johann Pachelbel', 'Johann Pachelbel']"
100027,"['Franz Schubert', 'Franz Schubert', 'Franz Schubert']"
1018531,"['Daft Punk', 'Daft Punk', 'Daft Punk', 'Daft Punk']"
101636,['unknown']
1033231,"['Malachi Salyers', 'Malachi Salyers', 'Malachi Salyers']"
1033026,['unknown']
1023476,['unknown']
100725,"['Alexandre Dumont', 'Alexandre Dumont', 'Alexandre Dumont']"
1026731,"['Karl Jenkins', 'Karl Jenkins', 'Karl Jenkins', 'Karl Jenkins']"
101134,['unknown']
1013886,['unknown']
1019971,"['Daniel Baux', 'Daniel Baux', 'Daniel Baux', 'Daniel Baux']"
102962,"['Kings Of Leon', 'Kings Of Leon', 'Kings Of Leon']"
1028056,['unknown']
103220,['unknown']
101708,"['Bendik Goldstein', 'Bendik Goldstein', 'Bendik Goldstein']"
1035371,['unknown']
1016411,"['Glimmer Phosphorescence', 'Glimmer Phosphorescence', 'Glimmer Phosphorescence']"
1023421,"['Queen Caleb Coder', 'Queen Caleb Coder', 'Queen Caleb Coder']"
1018321,['unknown']
1025,"['Säv. Alberto Dominguez', 'Säv. Alberto Dominguez']"
101163,['unknown']
1015456,['unknown']
1026766,['unknown']
1028001,"['A.Corelli', 'A.Corelli', 'A.Corelli', 'A.Corelli']"
1030431,['unknown']
1030061,['unknown']
1016446,['unknown']
102173,['unknown']
1025776,['unknown']
101933,['unknown']
100271,"['Sara Jean Lane', 'Sara Jean Lane', 'Sara Jean Lane']"
102759,"['Michelle Nguyen', 'Michelle Nguyen', 'Michelle Nguyen']"
101525,"['Jess', 'Jess', 'Jess']"
1021666,"['Charles Hubert Hastings Parry', 'Charles Hubert Hastings Parry', 'Charles Hubert Hastings Parry']"
1030831,['unknown']
1020831,['unknown']
1024171,['unknown']
1017996,['unknown']
101122,['unknown']
1031261,"['Aivi  Surasshu', 'Aivi  Surasshu']"
1016811,['unknown']
102077,['unknown']
1024126,"['Armin Caduff', 'Armin Caduff', 'Armin Caduff', 'Armin Caduff']"
1031006,['unknown']
101083,['unknown']
1024341,['unknown']
102705,['unknown']
1022016,"['Megan Mckeith', 'Megan Mckeith', 'Megan Mckeith']"
102139,['unknown']
10101,"['Daniel Meyers', 'Daniel Meyers', 'Daniel Meyers']"
1014061,"['Glimmer Phosphorescence', 'Glimmer Phosphorescence', 'Glimmer Phosphorescence']"
102093,['unknown']
1025696,"['Les Feuilles Mortes', 'Les Feuilles Mortes', 'Les Feuilles Mortes', 'Les Feuilles Mortes']"
100807,"['Yiruma', 'Yiruma']"
102990,['unknown']
102302,"['Kovács  Botond', 'Kovács  Botond', 'Kovács  Botond']"
100295,"['Kaylee Payne', 'Kaylee Payne', 'Kaylee Payne']"
101484,"['Claudio Miranda', 'Claudio Miranda', 'Claudio Miranda']"
103143,"['Bart Howard', 'Bart Howard', 'Bart Howard']"
1026901,"['Pachelbel', 'Pachelbel', 'Pachelbel']"
101312,['unknown']
10156,"['Nikolai Kedrov', 'Nikolai Kedrov', 'Nikolai Kedrov']"
102494,"['Danny Jacob', 'Danny Jacob', 'Danny Jacob']"
1032391,['unknown']
100796,['unknown']
1022391,['unknown']
101187,['unknown']
101168,"['Kyle Jelen', 'Kyle Jelen', 'Kyle Jelen']"
1021801,['unknown']
1023996,['unknown']
100283,"['Max Bilyk', 'Max Bilyk', 'Max Bilyk']"
1016621,"['Andro Alexandru Sebastian', 'Andro Alexandru Sebastian', 'Andro Alexandru Sebastian', 'Andro Alexandru Sebastian']"
1033996,"['Nazeeh Aluqdah', 'Nazeeh Aluqdah', 'Nazeeh Aluqdah']"
100000,['unknown']
102528,['unknown']
1028231,['unknown']
100391,['unknown']
101996,"['Hans Zimmer Pranav Singh', 'Hans Zimmer Pranav Singh', 'Hans Zimmer Pranav Singh']"
1035546,['unknown']
103552,['unknown']
103102,['unknown']
1033241,"['Yiruma', 'Yiruma', 'Yiruma']"
102969,['unknown']
102986,['unknown']
102085,"['Tokyo Ska Paradise Orchestra', 'Tokyo Ska Paradise Orchestra', 'Tokyo Ska Paradise Orchestra']"
100112,['unknown']
1022846,['unknown']
100755,"['E. Elgar H.Patton', 'E. Elgar H.Patton', 'E. Elgar H.Patton']"
1002,['unknown']
103179,['unknown']
1018886,"['Mikado', 'Mikado', 'Mikado']"
100186,['unknown']
1022581,"['For Piano', 'For Piano', 'For Piano']"
102380,['unknown']
1016436,['unknown']
1012926,['unknown']
1035706,['unknown']
102945,['unknown']
100978,['unknown']
1020011,['unknown']
1013771,"['Transcribed Caio Cezar Fernandes', 'Transcribed Caio Cezar Fernandes', 'Transcribed Caio Cezar Fernandes']"
1019686,"['Franz Schubert', 'Franz Schubert', 'Franz Schubert']"
1030441,"['Zun Williatico  Hartmann', 'Zun Williatico  Hartmann', 'Zun Williatico  Hartmann']"
1013321,"['Philip Glowa', 'Philip Glowa', 'Philip Glowa', 'Philip Glowa']"
102729,['unknown']
101555,"['A. Borodin', 'A. Borodin', 'A. Borodin']"
1027541,"['Pierre-Adrien Langrognet', 'Pierre-Adrien Langrognet', 'Pierre-Adrien Langrognet']"
101040,"['Bethofen', 'Bethofen', 'Bethofen']"
1022606,"['Crosby Linn Lagrone', 'Crosby Linn Lagrone', 'Crosby Linn Lagrone']"
1032606,"['Snow Patrol', 'Snow Patrol', 'Snow Patrol', 'Snow Patrol']"
100981,"['Josh Fulford', 'Josh Fulford', 'Josh Fulford']"
1024101,['unknown']
1021616,['unknown']
1016836,['unknown']
102953,"['Riteous Brothers', 'Riteous Brothers', 'Riteous Brothers']"
1031616,"['Steven Menckowski', 'Steven Menckowski', 'Steven Menckowski', 'Steven Menckowski']"
101152,"['Blankenship Johnson', 'Blankenship Johnson', 'Blankenship Johnson']"
1025481,['unknown']
1032651,"['Viola King', 'Viola King', 'Viola King']"
100256,"['Chrif Rice-Rake', 'Chrif Rice-Rake', 'Chrif Rice-Rake']"
1024506,['unknown']
102841,['unknown']
1032981,['unknown']
1031641,"['Hanson-Lee Harjono', 'Hanson-Lee Harjono', 'Hanson-Lee Harjono', 'Hanson-Lee Harjono']"
101781,"['Shostglass', 'Shostglass', 'Shostglass']"
1023386,"['Cèline Dion', 'Cèline Dion', 'Cèline Dion']"
1016816,['unknown']
1031266,['unknown']
102565,['unknown']
102135,['unknown']
1020861,['unknown']
1032626,['unknown']
1029986,['unknown']
103118,['unknown']
1031231,['unknown']
1013086,['unknown']
1027536,['unknown']
100299,['unknown']
102461,['unknown']
1020436,['unknown']
1018326,"['Kailas Rajan', 'Kailas Rajan', 'Kailas Rajan', 'Kailas Rajan']"
1026761,['unknown']
1026331,['unknown']
102748,['unknown']
1034971,"['Written Daniel Ingram', 'Written Daniel Ingram', 'Written Daniel Ingram']"
1035726,"['Nobuo Uematsu', 'Nobuo Uematsu', 'Nobuo Uematsu']"
101133,"['Seal', 'Seal', 'Seal']"
100722,['unknown']
1026736,"['Karl Jenkins', 'Karl Jenkins', 'Karl Jenkins', 'Karl Jenkins']"
1017786,['unknown']
1014846,"['Lauridsen', 'Lauridsen']"
1016251,"['Cameron Papandria', 'Cameron Papandria', 'Cameron Papandria']"
102621,['unknown']
1013116,['unknown']
1028991,['unknown']
1014811,"['Javier Barandiaran Uriarte', 'Javier Barandiaran Uriarte', 'Javier Barandiaran Uriarte', 'Javier Barandiaran Uriarte']"
1018561,['unknown']
1035566,"['Jun Maeda', 'Jun Maeda', 'Jun Maeda']"
1028211,"['Bettina', 'Bettina', 'Bettina', 'Bettina']"
1013141,['unknown']
1014411,['unknown']
102119,['unknown']
1016586,"['Mackenzie Maxwell', 'Mackenzie Maxwell', 'Mackenzie Maxwell', 'Mackenzie Maxwell']"
1027721,"['François Noëll', 'François Noëll', 'François Noëll']"
100962,"['Louis Vierne', 'Louis Vierne', 'Louis Vierne']"
1022036,['unknown']
101220,"['Hermeto Pascoal', 'Hermeto Pascoal', 'Hermeto Pascoal']"
1019366,"['Camille Saint-Saens', 'Camille Saint-Saens', 'Camille Saint-Saens']"
1013291,['unknown']
1013911,"['Carl-Bertil Agnestig', 'Úts. Carl-Bertil Agnestig', 'Úts. Carl-Bertil Agnestig']"
1017051,"['Aus Tanzsammlung Dahlhoff', 'Aus Tanzsammlung Dahlhoff', 'Aus Tanzsammlung Dahlhoff']"
102725,['unknown']
100348,"['Allie Payne', 'Allie Payne', 'Allie Payne']"
102230,['unknown']
100870,"['Mário Mascarenhas', 'Mário Mascarenhas', 'Mário Mascarenhas']"
100523,['unknown']
1019761,['L. Franklin']
1028196,['unknown']
1034766,['unknown']
1018,['unknown']
1034336,['unknown']
102267,['unknown']
1019,['unknown']
103477,"['Gershwin', 'Gershwin', 'Gershwin']"
1030661,['unknown']
100488,"['Asia Kaiser', 'Asia Kaiser', 'Asia Kaiser']"
1023221,['unknown']
100467,['unknown']
1029786,"['Hilarión Eslava', 'Hilarión Eslava', 'Hilarión Eslava', 'Hilarión Eslava']"
1033671,"['Yasuharu Takanashi', 'Yasuharu Takanashi', 'Yasuharu Takanashi']"
1013506,['unknown']
102118,['unknown']
1028986,"['Andrew Cedar', 'Andrew Cedar', 'Andrew Cedar']"
1026131,['unknown']
100575,['unknown']
1015651,"['Franz Schubert', 'Franz Schubert', 'Franz Schubert']"
101364,['unknown']
1018126,['unknown']
1017046,"['Damien Lai', 'Damien Lai', 'Damien Lai']"
1021031,['unknown']
101372,"['Alfred H. Ackley', 'Alfred H. Ackley', 'Alfred H. Ackley']"
10136,['unknown']
100426,"['J.A.D.M.M.M.', 'J.A.D.M.M.M.', 'J.A.D.M.M.M.']"
1013286,"['Ryan Fernandes', 'Ryan Fernandes', 'Ryan Fernandes', 'Ryan Fernandes']"
1019371,['unknown']
101237,['unknown']
100975,['unknown']
101667,"['Hanna Kim', 'Hanna Kim', 'Hanna Kim']"
1017441,['unknown']
100758,['unknown']
1024771,['unknown']
1021436,['unknown']
103031,"['Ann Ronell', 'Ann Ronell', 'Ann Ronell']"
1031066,['unknown']
1014451,['unknown']
100164,['unknown']
100534,['unknown']
100922,['unknown']
101260,"['Mr. Trey Johnson', 'Mr. Trey Johnson', 'Mr. Trey Johnson']"
1017986,['unknown']
100236,"['H. Joseph Mathusek', 'H. Joseph Mathusek', 'H. Joseph Mathusek']"
1022631,['unknown']
101077,"['John Rutter Sam Welch', 'John Rutter Sam Welch', 'John Rutter Sam Welch']"
1014996,['unknown']
1034566,['unknown']
1001106,"['Kenichi Nishimaki', 'Aritstscomposers', 'Aritstscomposers']"
1023,['unknown']
101165,['unknown']
1029246,['unknown']
1021676,['unknown']
1031226,"['Jaime Martinez', 'Jaime Martinez', 'Jaime Martinez', 'Jaime Martinez']"
1024161,['unknown']
1028841,"['Felix Mendelssohn', 'Felix Mendelssohn', 'Felix Mendelssohn']"
101935,"['P.P.Bliss', 'P.P.Bliss', 'P.P.Bliss']"
101466,['unknown']
1035,['unknown']
103267,"['Charles Mingus', 'Charles Mingus', 'Charles Mingus']"
1035766,['unknown']
103288,['unknown']
1033466,"['Aleksei Turenkov', 'Aleksei Turenkov', 'Aleksei Turenkov', 'Aleksei Turenkov']"
100670,['unknown']
1013896,"['Joaquim Manuel Da Silva', 'Joaquim Manuel Da Silva', 'Joaquim Manuel Da Silva']"
1015041,['unknown']
102421,"['B. Britten', 'B. Britten', 'B. Britten']"
1013316,['unknown']
103230,"['Ruwan Jay', 'Ruwan Jay', 'Ruwan Jay']"
1024966,['unknown']
100109,"['Jonathan Hill', 'Jonathan Hill', 'Jonathan Hill']"
1012966,['unknown']
1025746,['unknown']
1020401,['unknown']
1026756,['unknown']
1031586,['unknown']
100980,"['Sir Arthur Sullivan', 'Sir Arthur Sullivan', 'Sir Arthur Sullivan']"
103210,"['Pixinguinha', 'Pixinguinha', 'Pixinguinha']"
1026351,"['Mwböö', 'Mwböö', 'Mwböö']"
100715,"['Lauren Daly', 'Lauren Daly', 'Lauren Daly']"
102728,['unknown']
1015061,['unknown']
1028836,['unknown']
1017226,"['Maxnono', 'Maxnono', 'Maxnono']"
1031601,"['Lucy Berman', 'Lucy Berman', 'Lucy Berman']"
1018096,['unknown']
1031251,['unknown']
1033796,"['Robert Lebel', 'Robert Lebel', 'Robert Lebel', 'Robert Lebel']"
102417,['unknown']
1021251,['unknown']
1030786,"['Duc. De Cedronio', 'Duc. De Cedronio', 'Duc. De Cedronio', 'Duc. De Cedronio']"
1022611,['unknown']
1017621,"['Thomas Bergersen', 'Thomas Bergersen', 'Thomas Bergersen', 'Thomas Bergersen']"
1034511,['unknown']
100492,['unknown']
1029636,['unknown']
102293,"['Julian Maraboto', 'Julian Maraboto', 'Julian Maraboto']"
102769,['unknown']
101000,['unknown']
1019351,"['Carl Orff', 'Carl Orff', 'Carl Orff']"
101647,"['Jason Hwang', 'Jason Hwang', 'Jason Hwang']"
101702,"['Hans Zimmer', 'Hans Zimmer', 'Hans Zimmer']"
1027346,['unknown']
1025681,"['Steven M. Kudlo', 'Steven M. Kudlo', 'Steven M. Kudlo']"
1029421,"['Jun Ishikawa', 'Jun Ishikawa', 'Jun Ishikawa']"
100685,"['Moritz Chrupala', 'Moritz Chrupala', 'Moritz Chrupala']"
1024706,"['Armin Caduff', 'Armin Caduff', 'Armin Caduff', 'Armin Caduff']"
101094,['unknown']
1034706,"['Isiakpona Chiwendu Uchechukwu', 'Isiakpona Chiwendu Uchechukwu', 'Isiakpona Chiwendu Uchechukwu']"
103553,['unknown']
1013926,['unknown']
1020591,['unknown']
1025286,['unknown']
101305,"['Eric Bingham-Kumpf', 'Eric Bingham-Kumpf', 'Eric Bingham-Kumpf']"
1029476,['unknown']
1031046,"['Phillip Phillips', 'Phillip Phillips', 'Phillip Phillips']"
101186,['unknown']
101169,"['D. Duncan', 'D. Duncan', 'D. Duncan']"
1017031,['unknown']
102315,"['David Martynuik', 'David Martynuik', 'David Martynuik']"
1018501,"['Kabass', 'Kabass', 'Kabass']"
1022806,['unknown']
1030211,['unknown']
1025506,['unknown']
100555,"['John Rutter Sam Welch', 'John Rutter Sam Welch', 'John Rutter Sam Welch']"
100806,['unknown']
1031841,['unknown']
101981,['unknown']
102455,['unknown']
100468,['unknown']
101296,"['Suman Sharma', 'Suman Sharma', 'Suman Sharma']"
1029766,"['Rammstein', 'Victor Riaboshapko Rammstein', 'Rammstein', 'Rammstein', 'Victor Riaboshapko']"
100604,['unknown']
102639,['unknown']
100254,"['Dimrain47', 'Dimrain47', 'Dimrain47']"
10251,"['Alec Targett', 'Alec Targett', 'Alec Targett']"
1015936,"['Juan Brito', 'Juan Brito', 'Juan Brito']"
1016,['unknown']
101500,"['Rachel Mcclanahan', 'Rachel Mcclanahan', 'Rachel Mcclanahan']"
1017726,"['Glimmer Phosphorescence', 'Glimmer Phosphorescence', 'Glimmer Phosphorescence']"
1017376,['unknown']
1023296,"['Koji Kondo', 'Koji Kondo', 'Koji Kondo']"
100079,['unknown']
1016571,"['Francesc Bitlloch', 'Francesc Bitlloch', 'Francesc Bitlloch', 'Francesc Bitlloch']"
100429,"['J.A.D.M.M.M.', 'J.A.D.M.M.M.', 'J.A.D.M.M.M.']"
101238,['unknown']
102551,['unknown']
102678,['unknown']
1024396,['unknown']
103252,['unknown']
1013231,"['Julián Prado', 'Julen', 'Julen', 'Julen']"
1030551,['unknown']
1018241,['unknown']
102087,['unknown']
100110,['unknown']
1023756,"['Joe Hisaishi', 'Joe Hisaishi']"
1018056,['unknown']
1020316,"['Zech Lumpkin', 'Zech Lumpkin', 'Zech Lumpkin', 'Zech Lumpkin']"
103550,"['John Williams', 'John Williams', 'John Williams']"
101994,['unknown']
1029971,"['Ronald Karle', 'Ronald Karle', 'Ronald Karle', 'Ronald Karle']"
103045,"['Jacob Watts', 'Jacob Watts', 'Jacob Watts']"
1033351,['unknown']
101306,['unknown']
1023351,['unknown']
102746,['unknown']
1013421,['unknown']
102496,['unknown']
100014,['unknown']
101486,['unknown']
100106,['unknown']
1019651,['unknown']
10046,"['Dixie Chicks', 'Dixie Chicks', 'Dixie Chicks']"
1014576,['unknown']
1027216,"['Fernando Lopes Graça', 'Fernando Lopes Graça', 'Fernando Lopes Graça']"
1000866,['unknown']
1023486,"['Félix Mendelson', 'Félix Mendelson', 'Félix Mendelson']"
1027996,"['Johann Sebastian Bach', 'Johann Sebastian Bach', 'Johann Sebastian Bach']"
1031141,['unknown']
103546,['unknown']
102642,"['Aronzhin', 'Aronzhin', 'Aronzhin']"
102635,"['Sean Harrington', 'Sean Harrington', 'Sean Harrington']"
1017141,"['Aditional Matheus Siagian', 'Aditional Matheus Siagian', 'Aditional Matheus Siagian']"
1021566,"['P.Tchaikovsky', 'P.Tchaikovsky', 'P.Tchaikovsky', 'P.Tchaikovsky']"
1025876,['unknown']
1012986,"['Linda Stassen', 'Linda Stassen', 'Linda Stassen']"
1014151,['unknown']
1018871,"['Clarise Towson', 'Clarise Towson', 'Clarise Towson']"
100464,"['John T. Graves', 'John T. Graves', 'John T. Graves']"
100521,['unknown']
1022576,['unknown']
102662,['unknown']
10066,"['David J. Godbold', 'David J. Godbold', 'David J. Godbold']"
101222,['unknown']
1035071,"['F. Wohlfahrt', 'F. Wohlfahrt', 'F. Wohlfahrt', 'F. Wohlfahrt']"
1025421,['unknown']
1015351,['unknown']
1016316,['unknown']
1028881,['unknown']
1026466,['unknown']
101263,['unknown']
101776,"['Elia Nicholas', 'Elia Nicholas', 'Elia Nicholas']"
102859,"['Mozart', 'Mozart', 'Mozart']"
100864,"['Uda Goode', 'Uda Goode', 'Uda Goode']"
1023721,['unknown']
100720,['unknown']
1000256,['unknown']
101561,['unknown']
103049,['unknown']
101977,['unknown']
102658,['unknown']
102571,"['Guillermo Gomez U.', 'Guillermo Gomez U.', 'Guillermo Gomez U.']"
100059,['unknown']
1027871,['unknown']
100262,['unknown']
100632,['unknown']
1019866,['unknown']
1015516,['unknown']
1034861,['unknown']
1032736,"['Zachary Mckinon', 'Zachary Mckinon', 'Zachary Mckinon', 'Zachary Mckinon']"
1023961,['unknown']
1029896,['unknown']
100274,"['J. Labbe', 'J. Labbe', 'J. Labbe']"
1029746,['unknown']
102530,"['Tango De Marià Homs', 'Tango De Marià Homs', 'Tango De Marià Homs']"
102475,['unknown']
102926,['unknown']
103264,['unknown']
1014346,['unknown']
101598,['unknown']
1021321,"['Trad. Abrahamic', 'Trad. Abrahamic', 'Trad. Abrahamic']"
102834,"['Carly Neumann', 'Carly Neumann', 'Carly Neumann']"
102971,"['Nina Simone', 'Nina Simone', 'Nina Simone']"
102566,"['Butch Cornell', 'Butch Cornell', 'Butch Cornell']"
1030531,['unknown']
1034821,['unknown']
102136,['unknown']
1024821,['unknown']
1026236,['unknown']
1017091,"['Ton Lans', 'Ton Lans', 'Ton Lans', 'Ton Lans']"
1020566,['unknown']
1025621,['unknown']
1015501,['unknown']
1029301,['unknown']
1020966,['unknown']
1028286,['unknown']
1032371,['unknown']
100263,['unknown']
102989,['unknown']
100058,['unknown']
102065,['unknown']
1015686,"['Melissa Morris', 'Melissa Morris', 'Melissa Morris', 'Melissa Morris']"
1019076,['unknown']
102209,"['Claude-Michel Schönberg', 'Claude-Michel Schönberg', 'Claude-Michel Schönberg']"
10026,"['Johann Pachelbel', 'Johann Pachelbel', 'Johann Pachelbel']"
1026871,"['Julien D. Ward', 'Julien D. Ward', 'Julien D. Ward']"
101327,['F-101']
100536,['unknown']
1034636,['unknown']
1021121,['unknown']
1029141,"['Julian Felipe', 'Julian Felipe', 'Julian Felipe', 'Julian Felipe']"
1031571,['unknown']
1027671,['unknown']
103208,"['James Thomas April', 'James Thomas April', 'James Thomas April']"
100074,['unknown']
102049,['Andrew Lloyd Webber']
100131,"['Tobias Gad Lindy Robbins', 'Tobias Gad Lindy Robbins', 'Tobias Gad Lindy Robbins']"
102225,['unknown']
100648,['unknown']
1031176,['unknown']
1025836,['unknown']
1007681,"['Gerard Van Amstel', 'Gerard Van Amstel', 'Gerard Van Amstel', 'Gerard Van Amstel']"
1026076,"['Guillermo Paredes Cruz', 'Guillermo Paredes Cruz', 'Guillermo Paredes Cruz', 'Guillermo Paredes Cruz']"
101673,['unknown']
1032936,"['Krys Warfield', 'Kallie-Ann Warfield', 'Kallie-Ann Warfield', 'Kallie-Ann Warfield']"
1018061,"['Bassäää', 'Bassäää', 'Bassäää', 'Bassäää']"
1031926,"['Tony Mccahill', 'Tony Mccahill', 'Tony Mccahill', 'Tony Mccahill']"
102726,"['Groenleer Hamilton', 'Groenleer Hamilton', 'Groenleer Hamilton']"
1030771,"['Mitchell Stevens', 'Mitchell Stevens', 'Mitchell Stevens']"
1020321,['unknown']
101624,['unknown']
100465,['unknown']
100259,"['Jay Althouse', 'Jay Althouse', 'Jay Althouse']"
1016301,"['Gorillaz', 'Gorillaz', 'Gorillaz', 'Gorillaz']"
103475,['unknown']
1021971,['unknown']
1015891,['unknown']
102706,"['Carly Neumann', 'Carly Neumann', 'Carly Neumann']"
1028361,"['Lady Gaga', 'Lady Gaga', 'Lady Gaga', 'Lady Gaga']"
101080,['unknown']
101595,['unknown']
1025416,"['Alan Menken', 'Alan Menken', 'Alan Menken']"
102643,['Thani Abuhamad 1995-Present']
1035046,"['Jacob De Haan', 'Jacob De Haan', 'Jacob De Haan', 'Jacob De Haan']"
1016726,['unknown']
1021286,['unknown']
100557,['unknown']
103394,['unknown']
1020356,['unknown']
1028336,['unknown']
1035441,['unknown']
1029931,['unknown']
102497,['unknown']
102881,"['Abargstadt', 'Abargstadt', 'Abargstadt']"
103269,"['C. Gardel', 'C. Gardel', 'C. Gardel']"
102478,"['Pachelbel', 'Pachelbel', 'Pachelbel']"
101868,['unknown']
1029531,['unknown']
103013,"['Daniele Pasini', 'Daniele Pasini', 'Daniele Pasini']"
1024246,"['Odin Mcdermott', 'Odin Mcdermott', 'Odin Mcdermott', 'Odin Mcdermott']"
101757,['unknown']
1032541,"['Koji Kondo', 'Koji Kondo', 'Koji Kondo', 'Koji Kondo']"
102897,['unknown']
103551,"['John Williams', 'John Williams', 'John Williams']"
101995,['unknown']
1021156,"['Manuel M. Ponce', 'Manuel M. Ponce', 'Manuel M. Ponce', 'Manuel M. Ponce']"
101079,"['Livan Nalan Venilok', 'Livan Nalan Venilok', 'Livan Nalan Venilok']"
1017571,"['Isaac Spitler Christina Kim', 'Isaac Spitler', 'Isaac Spitler']"
101583,"['Alexander Reinagle', 'Alexander Reinagle', 'Alexander Reinagle']"
1019646,"['Modus Vetus', 'Modus Vetus', 'Modus Vetus']"
1032146,"['Keith Getty', 'Keith Getty', 'Keith Getty', 'Keith Getty']"
101700,"['Lykke Li', 'Lykke Li', 'Lykke Li']"
100812,"['Thomas Duell', 'Thomas Duell', 'Thomas Duell']"
1024991,['unknown']
1025396,['unknown']
10051,['unknown']
100054,['unknown']
102784,"['D. Montero', 'D. Montero', 'D. Montero']"
100756,['unknown']
1034456,['unknown']
100490,['unknown']
1018186,['unknown']
101956,"['Tabjcs', 'Tabjcs', 'Tabjcs']"
1035586,"['Дарин Сысоев', 'Дарин Сысоев', 'Дарин Сысоев']"
1022756,['unknown']
100582,"['François Reincke', 'François Reincke', 'François Reincke']"
1022886,"['Koji Kondo', 'Koji Kondo', 'Koji Kondo', 'Koji Kondo']"
101239,['unknown']
1017731,"['Matthew Foreman', 'Matthew Foreman', 'Matthew Foreman']"
1033281,"['Phill Collins', 'Phill Collins', 'Phill Collins', 'Phill Collins']"
1016966,['unknown']
1018581,['unknown']
1026646,['unknown']
1031496,['unknown']
1033151,"['D.F.', 'D.F.', 'D.F.']"
1023501,"['Meghan Trainor', 'Meghan Trainor', 'Meghan Trainor']"
100347,['unknown']
100717,['unknown']
1008981,"['Compateur', 'Compateur', 'Compateur']"
1019386,['unknown']
1024801,"['Al Rinker', 'Al Rinker']"
1020141,"['Kayleigh Lane', 'Kayleigh Lane', 'Kayleigh Lane', 'Kayleigh Lane']"
101444,"['Alex Jasper', 'Alex Jasper', 'Alex Jasper']"
102638,['unknown']
100605,['unknown']
100740,['unknown']
1023106,"['Abir Sharma', 'Abir Sharma', 'Abir Sharma', 'Abir Sharma']"
100039,['unknown']
1035251,['unknown']
102454,"['Wladimir Rébikow', 'Wladimir Rébikow', 'Wladimir Rébikow']"
101782,['unknown']
1028526,"['Matt Andrew', 'Matt Andrew', 'Matt Andrew']"
1020116,"['Bear Mccreary', 'Bear Mccreary', 'Bear Mccreary']"
1019781,"['Geoge Gershwin', 'Geoge Gershwin', 'Geoge Gershwin', 'Geoge Gershwin']"
1013676,['unknown']
1016756,['unknown']
102263,['unknown']
102633,"['Dawn Mccollum', 'Dawn Mccollum', 'Dawn Mccollum']"
101859,"['Hans Zimmer', 'Hans Zimmer', 'Hans Zimmer']"
1028741,"['James Balazs', 'James Balazs', 'James Balazs', 'James Balazs']"
100462,['unknown']
100032,['unknown']
100527,['unknown']
1023731,['unknown']
100177,"['A. L. Thornburg', 'A. L. Thornburg', 'A. L. Thornburg']"
1014696,['unknown']
1016701,['unknown']
1035061,['unknown']
101048,['unknown']
1021921,['unknown']
1025061,"['Michel Sardou', 'Michel Sardou', 'Michel Sardou', 'Michel Sardou']"
1028716,['unknown']
1017956,"['Francesc Bitlloch', 'Francesc Bitlloch', 'Francesc Bitlloch', 'Francesc Bitlloch']"
102371,['unknown']
1032931,['unknown']
1022931,['unknown']
100120,['unknown']
1023766,"['Nazeeh Aluqdah', 'Nazeeh Aluqdah', 'Nazeeh Aluqdah', 'Nazeeh Aluqdah']"
1017106,['unknown']
100423,['unknown']
1014116,['unknown']
100073,['unknown']
100589,"['River Harris', 'River Harris', 'River Harris']"
1013811,"['Daniel Ingram', 'Daniel Ingram', 'Daniel Ingram', 'Daniel Ingram']"
10021,"['Johann Pachelbel', 'Johann Pachelbel', 'Johann Pachelbel']"
1014141,"['Traditional', 'Traditional', 'Traditional', 'Traditional']"
101770,"['Sam Lipman', 'Sam Lipman', 'Sam Lipman']"
100862,['unknown']
1022136,"['Βαμβακαρης', 'Βαμβακαρης', 'Βαμβακαρης', 'Βαμβακαρης']"
101567,"['Hayden Elshaw', 'Hayden Elshaw', 'Hayden Elshaw']"
101971,['unknown']
101072,"['Paul Mccartney Bill Swick', 'Paul Mccartney Bill Swick', 'Paul Mccartney Bill Swick']"
1027436,"['三木たかし', '三木たかし', '三木たかし', '三木たかし']"
102127,['unknown']
103389,['unknown']
1017346,"['田中公平', '田中公平', '田中公平', '田中公平']"
1032376,"['Twisted Measure', 'Twisted Measure', 'Twisted Measure']"
1019026,['unknown']
1026,['unknown']
101160,['unknown']
102259,['unknown']
1033971,"['Carson Perkins', 'Carson Perkins', 'Carson Perkins', 'Carson Perkins']"
1029756,"['Georg Philipp Telemann ', 'Georg Philipp Telemann ', 'Georg Philipp Telemann ', 'Georg Philipp Telemann ']"
102520,"['Nintendo', 'Nintendo', 'Nintendo']"
1028901,['unknown']
1023571,"['Georg Philipp Telemann', 'Georg Philipp Telemann', 'Georg Philipp Telemann']"
1026266,['unknown']
1015506,"['Roger Hoffman Roger Hoffman', 'Roger Hoffman', 'Roger Hoffman', 'Roger Hoffman']"
1020561,['unknown']
101822,"['Freddie Mercury', 'Freddie Mercury', 'Freddie Mercury']"
1023176,['unknown']
1015101,['unknown']
103370,['unknown']
1028556,['unknown']
1030536,['unknown']
1013256,"['Fun Janelle Monáe', 'Fun Janelle Monáe', 'Fun Janelle Monáe']"
100419,['unknown']
102074,"['Chris Ryan', 'Chris Ryan', 'Chris Ryan']"
1027791,"['Scott Joplin', 'Yann Tiersen', 'Yann Tiersen', 'Yann Tiersen']"
102453,['unknown']
1019786,"['David Song', 'Hitos', 'Hitos', 'David Song']"
1020541,"['Kohn', 'Kohn', 'Kohn', 'Kohn']"
1028171,"['Bettina', 'Bettina', 'Bettina', 'Bettina']"
101910,"['Marc Sabatella', 'Marc Sabatella', 'Marc Sabatella']"
103184,['unknown']
101855,"['Rihanna', 'Rihanna', 'Rihanna']"
103215,"['Giacomo Puccini', 'Giacomo Puccini', 'Giacomo Puccini']"
1024806,['unknown']
1019381,"['Adriana', 'Adriana', 'Adriana']"
1032481,"['Ashwin Krishnaswamy', 'Ashwin Krishnaswamy', 'Ashwin Krishnaswamy']"
1015121,['unknown']
103079,['unknown']
1023506,"['Meghan Trainor', 'Meghan Trainor', 'Meghan Trainor']"
101551,"['Sweet Honey The Rocks', 'Sweet Honey The Rocks', 'Sweet Honey The Rocks']"
103203,['unknown']
1033906,"['Hose270', 'Hose270', 'Hose270']"
10216,"['Mozartsussmayer  Dempsey', 'Mozartsussmayer  Dempsey', 'Mozartsussmayer  Dempsey']"
100213,"['John Banister ', 'John Banister ', 'John Banister ']"
101052,['unknown']
1021891,['unknown']
100706,['unknown']
1015971,['unknown']
100478,['unknown']
100182,['unknown']
1026196,['unknown']
1031716,['unknown']
1025186,['unknown']
10241,['unknown']
101510,['unknown']
1006,['unknown']
1001271,"['Michael Richardson', 'Michael Richardson', 'Michael Richardson', 'Michael Richardson']"
1026801,['unknown']
1019246,['unknown']
1032116,['unknown']
1032546,['unknown']
1020081,['unknown']
1025796,"['S M. Kudlo', 'S M. Kudlo', 'S M. Kudlo']"
101245,['unknown']
1027601,['unknown']
102193,['unknown']
100454,"['Malik Ming', 'Malik Ming', 'Malik Ming']"
101496,['unknown']
103151,['unknown']
103014,"['Xavier Mora', 'Xavier Mora', 'Xavier Mora']"
100854,['unknown']
102869,"['Robert Ellis', 'Robert Ellis', 'Robert Ellis']"
101746,"['Bill Graham', 'Bill Graham', 'Bill Graham']"
1021686,['unknown']
1013431,['unknown']
1017921,['unknown']
1030701,"['Zulu Song Afrika', 'Zulu Song Afrika']"
102243,['unknown']
1031956,['unknown']
1033316,['unknown']
103239,"['Mogens J.Nissen', 'Mogens J.Nissen', 'Mogens J.Nissen']"
1020886,['unknown']
1028366,['unknown']
1020306,['unknown']
102214,['unknown']
1035041,"['Yokoyama Shin-Itchiro', 'Yokoyama Shin-Itchiro', 'Yokoyama Shin-Itchiro', 'Yokoyama Shin-Itchiro']"
101438,['unknown']
1033481,"['Oskaren', 'Mercuziopianist', 'Mercuziopianist', 'Mercuziopianist']"
1021146,"['Manuel M. Ponce', 'Manuel M. Ponce', 'Manuel M. Ponce', 'Manuel M. Ponce']"
1027991,['unknown']
1025806,['unknown']
102350,"['Kawaitachi-Chan', 'Kawaitachi-Chan', 'Kawaitachi-Chan']"
102215,['unknown']
1026396,['unknown']
1017131,['unknown']
100101,['unknown']
1030491,"['Mi Trầm', 'Mi Trầm', 'Mi Trầm']"
103516,['unknown']
103146,['unknown']
1018786,['unknown']
1017166,['unknown']
1034256,"['Pink Floyd', 'Pink Floyd', 'Pink Floyd', 'Pink Floyd']"
100785,"['G.F.Handel', 'G.F.Handel', 'G.F.Handel']"
103280,"['Pagano', 'Pagano', 'Pagano']"
101747,['unknown']
1030096,['unknown']
100506,['unknown']
102184,['unknown']
102887,"['F.Couperin', 'F.Couperin', 'F.Couperin']"
1025781,['unknown']
103150,['unknown']
1020346,['unknown']
100793,['unknown']
1025451,['unknown']
1025001,['unknown']
1018006,['unknown']
1031691,['unknown']
1034186,['unknown']
102891,['unknown']
100455,"['Malik Ming', 'Malik Ming', 'Malik Ming']"
102346,"['Miguelangel García Márquez', 'Miguelangel García Márquez', 'Miguelangel García Márquez']"
1017961,['unknown']
1013021,['unknown']
103042,"['Jacob Watts', 'Jacob Watts', 'Jacob Watts']"
1014971,"['J . M', 'J . M', 'J . M']"
100117,"['Cecilia Olivia', 'Cecilia Olivia', 'Cecilia Olivia']"
1026046,"['Charles Gounod', 'Charles Gounod', 'Charles Gounod']"
100402,"['Jared Keffer', 'Jared Keffer', 'Jared Keffer']"
1024581,"['Avicii', 'Avicii', 'Avicii']"
100052,['unknown']
1032906,['unknown']
1019841,"['Grant L.', 'Grant L.', 'Grant L.', 'Grant L.']"
100750,['unknown']
1020556,"['Kohn', 'Kohn', 'Kohn', 'Kohn']"
102385,"['Jeremy Evans', 'Jeremy Evans', 'Jeremy Evans']"
1015136,['unknown']
1018641,['unknown']
102690,['unknown']
100357,['unknown']
1013261,['unknown']
1026986,['unknown']
103347,['unknown']
1021886,"['Ashwin Krishnaswamy', 'Ashwin Krishnaswamy', 'Ashwin Krishnaswamy']"
103078,['unknown']
102669,['unknown']
101946,['unknown']
1030281,"['Charles Steven', 'Charles Steven', 'Charles Steven', 'Charles Steven']"
1022746,"['Carcassi', 'Carcassi', 'Carcassi', 'Carcassi']"
1026586,"['Will Fritz', 'Will Fritz', 'Will Fritz']"
100068,"['Abby Orton', 'Abby Orton', 'Abby Orton']"
1017371,"['Victor', 'Victor', 'Victor', 'Victor']"
100087,['unknown']
102540,['unknown']
1023291,['unknown']
102794,['unknown']
1004766,['unknown']
1011,['unknown']
1032341,"['Cecilia', 'Cecilia', 'Cecilia']"
1017326,['unknown']
1026181,['unknown']
1021351,"['吕国梁徐光义词', '吕国梁徐光义词', '吕国梁徐光义词']"
1031351,['unknown']
1031326,"['Compositor Aivi  Surasshu', 'Compositor Aivi  Surasshu']"
102833,"['Carly Neumann', 'Carly Neumann', 'Carly Neumann']"
1031776,"['Miguel Rattana', 'Miguel Rattana', 'Miguel Rattana', 'Miguel Rattana']"
1021326,['unknown']
100418,['unknown']
103234,"['Evert Taube', 'Evert Taube', 'Evert Taube']"
101209,"['Patrick Ireland', 'Patrick Ireland', 'Patrick Ireland']"
1030921,"['Seth Hughes', 'Seth Hughes', 'Seth Hughes', 'Seth Hughes']"
101659,"['Josh Tilson', 'Josh Tilson', 'Josh Tilson']"
1034431,['unknown']
1013191,"['Fun Janelle Monáe', 'Fun Janelle Monáe', 'Fun Janelle Monáe']"
101823,"['Freddie Mercury', 'Freddie Mercury', 'Freddie Mercury']"
1014711,['unknown']
102219,"['Meghan Burke', 'Meghan Burke', 'Meghan Burke']"
100859,['unknown']
1012411,['unknown']
102921,['unknown']
103263,"['Guy Lafarge', 'Guy Lafarge', 'Guy Lafarge']"
102022,"['Bruce Springsteen', 'Bruce Springsteen', 'Bruce Springsteen']"
1015911,"['Dominique Pons', 'Dominique Pons', 'Dominique Pons']"
102872,"['Robert Ellis', 'Robert Ellis', 'Robert Ellis']"
1030126,['unknown']
1025631,['unknown']
1019861,['unknown']
1026621,['unknown']
100265,['unknown']
100635,['unknown']
1035236,"['Faraji Kendagor', 'Faraji Kendagor', 'Faraji Kendagor', 'Faraji Kendagor']"
101566,['unknown']
101835,['unknown']
1023531,"['Барков А.А.', 'Барков А.А.', 'Барков А.А.', 'Барков А.А.']"
1023376,['unknown']
1018476,['unknown']
1018026,"['Sullivan', 'Sullivan', 'Sullivan']"
101321,['unknown']
1014906,['unknown']
100588,['unknown']
1021936,"['Aus Tanzsammlung Dahlhoff', 'Aus Tanzsammlung Dahlhoff', 'Aus Tanzsammlung Dahlhoff']"
1035076,"['Rob Goorhuis', 'Rob Goorhuis', 'Rob Goorhuis', 'Rob Goorhuis']"
102223,['unknown']
102366,"['U Þhrmapoljayn', 'U Þhrmapoljayn', 'U Þhrmapoljayn']"
1013001,['unknown']
1014551,['unknown']
102059,"['J.F.Burgmüller', 'J.F.Burgmüller', 'J.F.Burgmüller']"
101730,"['Matthew Maxam', 'Matthew Maxam', 'Matthew Maxam']"
102665,"['G.Sauvlet', 'G.Sauvlet', 'G.Sauvlet']"
102235,"['John Powell', 'John Powell', 'John Powell']"
102720,"['Lydia Grace Ryan', 'Lydia Grace Ryan', 'Lydia Grace Ryan']"
100875,['unknown']
1013386,['unknown']
102798,"['John Loeffler', 'John Loeffler']"
102632,['unknown']
1021561,['unknown']
