	ID	predicted_composer
0	5444079	Y. Kato  加藤 洋平
1	11856	J. S. Bach
2	511226	Y. Kato  加藤 洋平
3	89055	Y. Kato  加藤 洋平
4	5953551	Y. Kato  加藤 洋平
5	4586149	L. V. Beethoven
6	23881	J. S. Bach
7	1835656	J. S. Bach
8	6312461	W. A. Mozart
9	130161	J. S. Bach
10	928816	J. S. Bach
11	87050	J. S. Bach
12	5321081	J. S. Bach
13	4809685	J. S. Bach
14	5937032	J. S. Bach
15	2064796	Y. Kato  加藤 洋平
16	5720080	J. S. Bach
17	5737547	J. S. Bach
18	3322606	J. S. Bach
19	1233001	Y. Kato  加藤 洋平
20	6023834	Y. Kato  加藤 洋平
21	131086	J. S. Bach
22	5369999	J. S. Bach
23	5102486	Y. Kato  加藤 洋平
24	130028	J. S. Bach
25	4473321	J. S. Bach
26	3607621	Y. Kato  加藤 洋平
27	4915929	J. S. Bach
28	5328334	J. S. Bach
29	130179	P. F. Carera
30	5956276	T. Fox
31	5993774	J. S. Bach
32	1474301	Y. Kato  加藤 洋平
33	1301156	J. S. Bach
34	4824798	J. S. Bach
35	5013135	Y. Kato  加藤 洋平
36	5518140	J. S. Bach
37	5070980	J. S. Bach
38	5243108	J. S. Bach
39	5988578	L. V. Beethoven
40	2459141	A. Antão
41	5617938	T. Fox
42	3061656	Y. Kato  加藤 洋平
43	5712904	W. A. Mozart
44	6128003	J. S. Bach
45	4817681	Y. Kato  加藤 洋平
46	95692	J. S. Bach
47	132209	A. Antão
48	6398681	J. S. Bach
49	5829421	Y. Kato  加藤 洋平
50	4986778	Y. Kato  加藤 洋平
51	130559	J. S. Bach
52	4275856	Y. Kato  加藤 洋平
53	151390	J. S. Bach
54	5954032	J. S. Bach
55	111775	Y. Kato  加藤 洋平
56	6030596	T. Fox
57	5648251	Y. Kato  加藤 洋平
58	5076306	J. S. Bach
59	23973	J. S. Bach
60	5410884	Y. Kato  加藤 洋平
61	1717831	Y. Kato  加藤 洋平
62	130378	J. S. Bach
63	3579	Y. Kato  加藤 洋平
64	5582814	Y. Kato  加藤 洋平
65	6388980	J. S. Bach
66	847316	J. S. Bach
67	3447231	T. Fox
68	5794392	J. S. Bach
69	5350902	Y. Kato  加藤 洋平
70	47690	J. S. Bach
71	6065419	J. S. Bach
72	6302955	A. Antão
73	5955355	Y. Kato  加藤 洋平
74	6015118	J. S. Bach
75	5598561	Y. Kato  加藤 洋平
76	130871	J. S. Bach
77	1919601	Y. Kato  加藤 洋平
78	6421328	L. V. Beethoven
79	6122487	J. S. Bach
80	53267	J. S. Bach
81	4990952	J. S. Bach
82	862701	J. S. Bach
83	6023013	J. S. Bach
84	5900694	J. S. Bach
85	932901	Y. Kato  加藤 洋平
86	4522056	A. Antão
87	6239348	Y. Kato  加藤 洋平
88	6291219	T. Fox
89	725676	J. S. Bach
90	5453835	J. S. Bach
91	6348108	J. S. Bach
92	4062431	W. A. Mozart
93	5064138	J. S. Bach
94	5928541	J. S. Bach
95	5573117	J. S. Bach
96	5022157	J. S. Bach
97	5310510	J. S. Bach
98	5291310	J. S. Bach
99	6098208	J. S. Bach
100	6109168	Y. Kato  加藤 洋平
101	6305820	Y. Kato  加藤 洋平
102	5340860	Y. Kato  加藤 洋平
103	6061517	Y. Kato  加藤 洋平
104	5677065	Y. Kato  加藤 洋平
105	6039443	Y. Kato  加藤 洋平
106	6148086	Y. Kato  加藤 洋平
107	5651482	J. S. Bach
108	6207559	Y. Kato  加藤 洋平
109	5923778	Y. Kato  加藤 洋平
110	6215817	Y. Kato  加藤 洋平
111	6139784	Y. Kato  加藤 洋平
112	5366445	Y. Kato  加藤 洋平
113	6357093	Y. Kato  加藤 洋平
114	6444135	J. S. Bach
115	6012812	Y. Kato  加藤 洋平
116	5127822	J. S. Bach
117	6353546	Y. Kato  加藤 洋平
118	5622000	Y. Kato  加藤 洋平
119	5665777	J. S. Bach
120	5980249	Y. Kato  加藤 洋平
121	5634994	Y. Kato  加藤 洋平
122	6014752	J. S. Bach
123	5864582	Y. Kato  加藤 洋平
124	6378419	Y. Kato  加藤 洋平
125	5098526	Y. Kato  加藤 洋平
126	5639416	Y. Kato  加藤 洋平
127	5976639	Y. Kato  加藤 洋平
128	6035118	Y. Kato  加藤 洋平
129	5894717	Y. Kato  加藤 洋平
130	5616368	Y. Kato  加藤 洋平
131	5772607	J. S. Bach
132	6331282	Y. Kato  加藤 洋平
133	5115134	J. S. Bach
134	6229201	Y. Kato  加藤 洋平
135	6355383	Y. Kato  加藤 洋平
136	6193616	J. S. Bach
137	5846655	Y. Kato  加藤 洋平
138	6244859	Y. Kato  加藤 洋平
139	5871597	Y. Kato  加藤 洋平
140	6155415	Y. Kato  加藤 洋平
141	5843239	Y. Kato  加藤 洋平
142	5641849	Y. Kato  加藤 洋平
143	5357876	P. F. Carera
144	1562401	W. A. Mozart
145	2708471	Y. Kato  加藤 洋平
146	5782451	L. V. Beethoven
147	6203534	J. S. Bach
148	6270525	J. Williams
149	1655306	T. Fox
150	4862576	Y. Kato  加藤 洋平
151	3314886	J. S. Bach
152	2717261	L. V. Beethoven
153	5859190	J. S. Bach
154	620221	J. S. Bach
155	5349255	J. S. Bach
156	828311	L. V. Beethoven
157	6108814	T. Fox
158	5948226	J. S. Bach
159	32275	Y. Kato  加藤 洋平
160	3173431	A. Antão
161	6023915	J. S. Bach
162	1684681	J. S. Bach
163	79840	L. V. Beethoven
164	2733076	J. S. Bach
165	818446	J. S. Bach
166	5471608	J. S. Bach
167	4787199	P. F. Carera
168	6306724	Y. Kato  加藤 洋平
169	2473361	T. Fox
170	4834877	J. S. Bach
171	6286208	J. Williams
172	5213604	L. V. Beethoven
173	5184791	L. V. Beethoven
174	4542066	J. S. Bach
175	6423000	T. Fox
176	4815747	J. S. Bach
177	1573971	T. Fox
178	4427051	J. S. Bach
179	6289483	L. V. Beethoven
180	4169046	L. V. Beethoven
181	6371896	Y. Kato  加藤 洋平
182	5439790	Y. Kato  加藤 洋平
183	6401642	J. S. Bach
184	5954948	W. A. Mozart
185	1999091	J. S. Bach
186	125755	T. Fox
187	4471721	P. F. Carera
188	4319591	J. S. Bach
189	5519621	J. S. Bach
190	5272131	J. S. Bach
191	1710636	J. S. Bach
192	5309335	L. V. Beethoven
193	2523696	L. V. Beethoven
194	6166329	Y. Kato  加藤 洋平
195	5073205	W. A. Mozart
196	6280308	P. F. Carera
197	5321734	Y. Kato  加藤 洋平
198	3838816	Y. Kato  加藤 洋平
199	5027405	Y. Kato  加藤 洋平
200	5238779	J. S. Bach
201	1780551	J. S. Bach
202	6264658	J. S. Bach
203	5813657	J. S. Bach
204	6245301	Y. Kato  加藤 洋平
205	6432225	T. Fox
206	609176	T. Fox
207	5968286	J. S. Bach
208	6071472	J. S. Bach
209	5899055	L. V. Beethoven
210	5497902	J. S. Bach
211	5653953	J. S. Bach
212	2108591	T. Fox
213	5626667	L. V. Beethoven
214	4904928	W. A. Mozart
215	5959137	L. V. Beethoven
216	5926653	L. V. Beethoven
217	5298836	J. S. Bach
218	5475776	W. A. Mozart
219	6377533	Y. Kato  加藤 洋平
220	46265	T. Fox
221	6351312	J. S. Bach
222	5871345	J. S. Bach
223	5962688	A. Antão
224	5963937	P. F. Carera
225	6130685	J. S. Bach
226	5653455	J. S. Bach
227	3591831	L. V. Beethoven
228	5868324	L. V. Beethoven
229	6268277	A. Antão
230	5030024	Y. Kato  加藤 洋平
231	511536	L. V. Beethoven
232	4437196	J. S. Bach
233	6189299	A. Antão
234	5671652	J. S. Bach
235	2971001	J. S. Bach
236	2788676	L. V. Beethoven
237	394556	J. S. Bach
238	841376	T. Fox
239	3455056	A. Antão
240	6087019	Y. Kato  加藤 洋平
241	6279200	Y. Kato  加藤 洋平
242	4916831	P. F. Carera
243	4482476	J. S. Bach
244	5039150	P. F. Carera
245	5184618	P. F. Carera
246	4795886	W. A. Mozart
247	4839157	P. F. Carera
248	3865331	J. S. Bach
249	5185821	P. F. Carera
250	5188753	Y. Kato  加藤 洋平
251	4997872	P. F. Carera
252	5184587	P. F. Carera
253	5041065	P. F. Carera
254	4915030	P. F. Carera
255	5080541	P. F. Carera
256	5039224	P. F. Carera
257	4649896	J. S. Bach
258	5123957	P. F. Carera
259	5080520	P. F. Carera
260	4476146	J. S. Bach
261	4798634	J. S. Bach
262	4643691	J. S. Bach
263	4916467	P. F. Carera
264	5152918	P. F. Carera
265	5184551	P. F. Carera
266	4916481	P. F. Carera
267	4837530	P. F. Carera
268	4997885	P. F. Carera
269	5078994	P. F. Carera
270	4650736	J. S. Bach
271	4476451	J. S. Bach
272	4649651	J. S. Bach
273	5155020	P. F. Carera
274	4875577	P. F. Carera
275	5039007	P. F. Carera
276	4916537	P. F. Carera
277	4876863	P. F. Carera
278	4916458	P. F. Carera
279	4838635	P. F. Carera
280	4795601	P. F. Carera
281	5079417	P. F. Carera
282	5188704	P. F. Carera
283	5038132	P. F. Carera
284	4838658	P. F. Carera
285	5077663	P. F. Carera
286	6260880	L. V. Beethoven
287	5437146	A. Antão
288	5514296	J. S. Bach
289	6440964	W. A. Mozart
290	3695011	Y. Kato  加藤 洋平
291	5804953	T. Fox
292	3291741	J. S. Bach
293	1779626	T. Fox
294	5951150	J. S. Bach
295	5294738	T. Fox
296	5317416	J. S. Bach
297	6267327	J. S. Bach
298	5316450	J. S. Bach
299	6176885	P. F. Carera
300	5650511	J. Williams
301	2538171	J. S. Bach
302	5454198	J. S. Bach
303	6234451	Y. Kato  加藤 洋平
304	1517816	T. Fox
305	6203666	J. S. Bach
306	3169961	T. Fox
307	1881201	J. S. Bach
308	3808166	J. S. Bach
309	2221351	P. F. Carera
310	5577967	P. F. Carera
311	5122875	Y. Kato  加藤 洋平
312	5989257	L. V. Beethoven
313	1934656	Y. Kato  加藤 洋平
314	2705601	T. Fox
315	6154365	P. F. Carera
316	2326651	J. S. Bach
317	5319116	J. S. Bach
318	2922676	J. S. Bach
319	5334531	J. S. Bach
320	6212510	J. S. Bach
321	5533201	J. S. Bach
322	778791	T. Fox
323	5235954	L. V. Beethoven
324	5302430	J. S. Bach
325	4842302	J. S. Bach
326	89383	J. S. Bach
327	5735705	J. S. Bach
328	5615244	J. S. Bach
329	5464513	J. S. Bach
330	5098068	Y. Kato  加藤 洋平
331	5002450	L. V. Beethoven
332	6094592	T. Fox
333	5911714	L. V. Beethoven
334	2030096	J. S. Bach
335	4851618	Y. Kato  加藤 洋平
336	5081932	P. F. Carera
337	1173161	J. S. Bach
338	3256921	L. V. Beethoven
339	1672596	L. V. Beethoven
340	5944653	L. V. Beethoven
341	1864886	J. S. Bach
342	5132760	Y. Kato  加藤 洋平
343	5933163	J. S. Bach
344	5201551	T. Fox
345	5081943	P. F. Carera
346	5210082	Y. Kato  加藤 洋平
347	5326789	J. S. Bach
348	126321	Y. Kato  加藤 洋平
349	1503756	J. S. Bach
350	4795153	J. S. Bach
351	2195436	T. Fox
352	6342074	L. V. Beethoven
353	5474327	L. V. Beethoven
354	5323092	A. Antão
355	5591097	J. S. Bach
356	1354716	L. V. Beethoven
357	195770	J. S. Bach
358	1979236	Y. Kato  加藤 洋平
359	6410539	W. A. Mozart
360	6048152	J. S. Bach
361	6426584	L. V. Beethoven
362	5951241	J. S. Bach
363	6295765	J. S. Bach
364	5320398	A. Antão
365	889706	J. S. Bach
366	5510587	J. S. Bach
367	5134799	J. S. Bach
368	4911074	J. S. Bach
369	5531112	Y. Kato  加藤 洋平
370	2008441	L. V. Beethoven
371	6435326	J. S. Bach
372	3640541	J. S. Bach
373	2682576	P. F. Carera
374	5988956	J. S. Bach
375	5483196	L. V. Beethoven
376	6190860	L. V. Beethoven
377	1591956	J. S. Bach
378	1297981	J. S. Bach
379	6269700	J. S. Bach
380	6023434	W. A. Mozart
381	5836733	A. Antão
382	5678250	A. Antão
383	6439431	J. S. Bach
384	6106187	T. Fox
385	5865051	L. V. Beethoven
386	5978555	L. V. Beethoven
387	5939338	T. Fox
388	6190597	L. V. Beethoven
389	6447253	L. V. Beethoven
390	5942927	L. V. Beethoven
391	6323551	J. S. Bach
392	6080061	J. S. Bach
393	5535137	J. S. Bach
394	6002718	L. V. Beethoven
395	5418496	J. S. Bach
396	6354295	J. S. Bach
397	2447576	A. Antão
398	80344	Y. Kato  加藤 洋平
399	1467481	J. S. Bach
400	6220906	L. V. Beethoven
401	4083921	J. S. Bach
402	6077185	J. S. Bach
403	5300300	J. S. Bach
404	6431002	T. Fox
405	2297006	J. S. Bach
406	3168406	T. Fox
407	4715641	J. S. Bach
