1030491	['Mi Trầm']
1022581	['For Piano']
1022746	['Carcassi']
102715	['Brandon Liu Braden Shimp']
102049	['Andrew Lloyd Webber']
103215	['Giacomo Puccini']
103017	['Martin']
101372	['Alfred H. Ackley']
100812	['Thomas Duell']
103256	['B. Howard']
1018326	['Kailas Rajan']
102833	['Carly Neumann']
1032856	['Jean-Philippe Rameau']
102421	['B. Britten']
102784	['D. Montero']
101910	['Marc Sabatella']
101568	['Julian Maraboto']
101555	['A. Borodin']
101659	['Josh Tilson']
103143	['Bart Howard']
1001106	['Kenichi Nishimaki', 'Aritstscomposers']
1033671	['Yasuharu Takanashi']
1029666	['John Lennon']
1018926	['Anonimo']
1013111	['Anthony Windau']
1013386	['Adolphe Adam Cantique De Noel']
1035076	['Rob Goorhuis']
1026176	['Johann Pachelbel']
1013576	['Compateur']
1014971	['J . M']
1030701	['Zulu Song Afrika', 'Zulu Song Afrika']
1022016	['Megan Mckeith']
1028001	['A.Corelli']
101935	['P.P.Bliss']
1033281	['Phill Collins']
101500	['Rachel Mcclanahan']
101220	['Hermeto Pascoal']
102720	['Lydia Grace Ryan']
1017141	['Aditional Matheus Siagian']
1019781	['Geoge Gershwin']
100753	['Metallica']
101996	['Hans Zimmer Pranav Singh']
100179	['Greg Simmons']
102345	['Miguelangel García Márquez']
1017371	['Victor']
100274	['J. Labbe']
1013321	['Philip Glowa']
103208	['James Thomas']
1018871	['Clarise Towson']
1021191	['Gregorio Edward Alvarez', 'G. E. A.']
100785	['G.F.Handel']
1020141	['Kayleigh Lane']
102219	['Meghan Burke']
103234	['Evert Taube']
1017046	['Damien Lai']
101123	['Christine M. Harris']
100177	['A. L. Thornburg']
102385	['Jeremy Evans']
101152	['Blankenship Johnson']
1026301	['N. Kohn']
1016621	['Andro Alexandru Sebastian']
1033466	['Aleksei Turenkov', 'Aleksei Turenkov']
1019786	['Hitos']
1029786	['Hilarión Eslava']
1017726	['Glimmer Phosphorescence']
100909	['Giuseppe Maria Ciravolo']
1031601	['Lucy Berman']
101226	['Pasa']
102884	['Clemke']
102627	['Nine Inch Nails']
10101	['Daniel Meyers']
1021156	['Manuel M. Ponce']
1017091	['Ton Lans']
103550	['John Williams']
103263	['Guy Lafarge']
1021886	['Ashwin Krishnaswamy']
101209	['Patrick Ireland']
103014	['Xavier Mora']
102869	['Robert Ellis']
100402	['Jared Keffer']
1021666	['Charles Hubert Hastings Parry']
1023571	['Georg Philipp Telemann']
102324	['Claudio Miranda']
1007681	['Gerard Van Amstel']
101855	['Rihanna']
1032371	['Schubertarrgt J. Gauffriau']
103280	['Pagano']
103045	['Jacob Watts']
1029971	['Ronald Karle']
1030921	['Seth Hughes']
1017621	['Thomas Bergersen', 'Thomas Bergersen']
100348	['Allie Payne']
102726	['Groenleer Hamilton']
1022036	['Lobe Den Herren', 'Harm. Bennett']
101006	['George Gershwin']
1001751	['Toshiro Masuda', 'Toshiro Masuda']
101270	['Maria Linneman']
101305	['Eric Bingham-Kumpf']
100246	['David Guetta']
101673	['Harrison Jennings']
100980	['Sir Arthur Sullivan']
102665	['G.Sauvlet']
1019761	['L. Franklin']
1018026	['Sullivan']
1031046	['Phillip Phillips']
1018531	['Daft Punk', 'Daft Punk']
1023861	['Koji Kondo']
103477	['Gershwin']
1034256	['Pink Floyd']
100488	['Asia Kaiser']
100981	['Josh Fulford']
1033906	['Hose270']
102085	['Tokyo Ska Paradise Orchestra']
1012986	['Linda Stassen']
1031616	['Steven Menckowski']
1026751	['Karl Jenkins']
101647	['Jason Hwang']
1028986	['Andrew Cedar']
1013231	['Julen', 'Julián Prado']
1033971	['Carson Perkins']
100211	['Anonym']
102719	['Lydia Grace Ryan']
1032481	['Ashwin Krishnaswamy']
1013286	['Ryan Fernandes']
1027526	['Ramin Djwadi']
1028211	['Bettina']
1033621	['Hellen Jo', 'Hellen Jo']
102581	['Neil Davidge']
1017571	['Isaac Spitler', 'Isaac Spitler']
102235	['John Powell']
103386	['Aaron']
1029756	['Georg Philipp Telemann']
1020556	['Kohn']
1030281	['Charles Steven']
1018496	['Kabass']
100455	['Malik Ming']
103282	['James Powers']
1028361	['Lady Gaga']
1023766	['Nazeeh Aluqdah']
102364	['Madame Brillon']
101180	['Daniele Pasini']
1025416	['Alan Menken', 'Alan Menken']
101776	['Elia Nicholas']
1001271	['Michael Richardson']
1024246	['Odin Mcdermott']
1026586	['Will Fritz']
1032341	['Cecilia']
1026731	['Karl Jenkins', 'Karl Jenkins']
102366	['U Þhrmapoljayn']
1026871	['Julien D. Ward']
1024706	['Armin Caduff']
1031326	['Aivi  Surasshu', 'Aivi  Surasshu']
100236	['H. Joseph Mathusek']
1026966	['Plain White Ts', 'Plain White Ts']
100131	['Tobias Gad Lindy Robbins']
101525	['Jess']
1004	['Modeste Moussorgsky']
1033481	['Mercuziopianist', 'Oskaren']
101456	['Suman Sharma']
1015686	['Melissa Morris']
101667	['Hanna Kim']
1020541	['Kohn']
1033796	['Robert Lebel']
1034706	['Isiakpona Chiwendu Uchechukwu']
1013911	['Úts. Fyrir Brass Quintet Eir', 'Úts. Carl-Bertil Agnestig', 'Carl-Bertil Agnestig', 'Úts. Fyrir Brass Quintet Eir', 'Úts. Carl-Bertil Agnestig']
10311	['E.Elger']
1030441	['Zun Williatico  Hartmann']
1033381	['Mike Morasky', 'Mike Morasky']
1024126	['Armin Caduff']
100426	['J.A.D.M.M.M.']
101730	['Matthew Maxam']
1019161	['Por Mcm']
100715	['Lauren Daly']
10296	['E.Elger']
1026076	['Guillermo Paredes Cruz']
101040	['Bethofen']
102293	['Julian Maraboto']
100256	['Chrif Rice-Rake']
103013	['Daniele Pasini']
103239	['Mogens J.Nissen']
102606	['John Phillip Sousa']
10216	['Mozartsussmayer  Dempsey']
1924576	['Mark D. Sanders']
102798	['John Loeffler', 'John Loeffler']
1031261	['Aivi  Surasshu', 'Aivi  Surasshu']
1025796	['S M. Kudlo']
1032606	['Snow Patrol']
1030216	['Daft Punk']
100864	['Uda Goode']
100254	['Dimrain47']
1031226	['Jaime Martinez']
101600	['George  Ira Gershwin']
1019091	['Andrea Falconieri']
5706535	['Uli Hartmann', 'Uli Hartmann C']
1035041	['Yokoyama Shin-Itchiro']
102209	['Claude-Michel Schönberg']
1032376	['Twisted Measure']
1024801	['Al Rinker', 'Al Rinker']
102962	['Kings Of Leon']
103240	['Nintendo']
102263	['Bastoners De Caldes De Montbui']
1022606	['Crosby Linn Lagrone']
1023531	['Барков А.А.']
1019351	['Carl Orff', 'Carl Orff']
1031776	['Miguel Rattana']
1020406	['Jcstab']
1023501	['Meghan Trainor']
102881	['Abargstadt']
102074	['Chris Ryan']
102315	['David Martynuik']
103349	['David A. Debroux']
101133	['Seal']
102350	['Kawaitachi-Chan']
100338	['Taylor Swift']
1018886	['Mikado']
1035566	['Jun Maeda']
1035561	['Kiko Ruiz']
1027506	['Jean-Michel Corgeron']
102478	['Pachelbel']
10021	['Johann Pachelbel']
10156	['Nikolai Kedrov']
1013556	['Ben E. King', 'Ben E. King']
1021936	['Aus Tanzsammlung Dahlhoff']
101296	['Suman Sharma']
1026046	['Charles Gounod']
1013896	['Joaquim Manuel Da Silva']
100271	['Sara Jean Lane']
101708	['Bendik Goldstein']
1020316	['Zech Lumpkin']
103042	['Jacob Watts']
1019841	['Grant L.']
102981	['Jun Ichikawa']
1025	['Säv. Alberto Dominguez']
1014061	['Glimmer Phosphorescence']
5912303	['Daniel Balavoine', 'Daniel Balavoine']
102759	['Michelle Nguyen']
103406	['Alessio Garone']
1014811	['Javier Barandiaran Uriarte']
1019381	['Adriana']
101700	['Lykke Li']
102643	['Thani Abuhamad']
1028171	['Bettina']
1019646	['Modus Vetus']
1019686	['Franz Schubert']
1021426	['Melodie Carlos Rosas', 'Carlos Rosas']
1016571	['Francesc Bitlloch']
102887	['F.Couperin']
1032936	['Krys Warfield', 'Kallie-Ann Warfield']
103410	['Christopher Berry']
1032146	['Keith Getty']
102164	['Hank Friedman']
10066	['David J. Godbold']
1016586	['Mackenzie Maxwell']
101746	['Bill Graham']
1033996	['Nazeeh Aluqdah']
1015651	['Franz Schubert']
1027216	['Fernando Lopes Graça']
102706	['Carly Neumann']
102346	['Miguelangel García Márquez']
100117	['Cecilia Olivia']
1023756	['Joe Hisaishi']
1017051	['Aus Tanzsammlung Dahlhoff']
1015506	['Roger Hoffman', 'Roger Hoffman', 'Roger Hoffman', 'Roger Hoffman']
1027996	['Johann Sebastian Bach']
103217	['Tristan Wilson']
102059	['J.F.Burgmüller']
103551	['John Williams']
1026946	['Nazeeh Aluqdah']
101956	['Tabjcs']
1032541	['Koji Kondo']
101210	['Gabriel Joseph Manning Welsh']
1033011	['Davan']
10026	['Johann Pachelbel']
4871550	['M1Kl Ppoh', 'M1Kl Ppoh']
5695067	['Jobim  Demoraes', 'Pee-Wee Ellis']
1018061	['Bassäää']
1033241	['Yiruma']
102520	['Nintendo']
1022136	['Βαμβακαρης']
1017731	['Matthew Foreman']
102859	['Mozart']
1031851	['Erin Panjer']
100429	['J.A.D.M.M.M.']
1032736	['Zachary Mckinon']
101551	['Sweet Honey The Rocks']
1025686	['Sorahya Woods']
1034971	['Written Daniel Ingram']
101327	['F-101', 'F-101']
1031626	['J.Moore']
1033231	['Malachi Salyers']
1027791	['Yann Tiersen', 'Scott Joplin']
101702	['Hans Zimmer']
102834	['Carly Neumann']
1015621	['Manning Sherwinalan Billingsley']
103267	['Charles Mingus']
1027436	['三木たかし']
100498	['Nebuer']
1022886	['Koji Kondo']
1028741	['James Balazs']
1023296	['Koji Kondo']
4769631	['Rito']
1027541	['Pierre-Adrien Langrognet']
1021566	['P.Tchaikovsky']
1022401	['Isaiah Sweet']
1017226	['Maxnono']
1023421	['Queen Caleb Coder']
100295	['Kaylee Payne']
101072	['Paul Mccartney Bill Swick']
102454	['Wladimir Rébikow']
102494	['Danny Jacob']
100283	['Max Bilyk']
100589	['River Harris']
1035071	['F. Wohlfahrt']
101757	['Dana Kuehn Brooke Cummins Oksana']
1028841	['Felix Mendelssohn']
100685	['Moritz Chrupala']
102302	['Kovács  Botond']
100461	['Erin Nemivant']
100870	['Mário Mascarenhas']
1035726	['Nobuo Uematsu']
1024581	['Avicii']
101583	['Alexander Reinagle']
101155	['Cody J. Olszewski']
101509	['Stephanie Hanson']
1028236	['Trent Reznor']
1016411	['Glimmer Phosphorescence']
103485	['Tabjcs']
1029141	['Julian Felipe']
1016981	['Richard Greig Ii']
103467	['Arvallo']
1022051	['Illsley John Bishop', 'John Bishop']
1019971	['Daniel Baux']
100807	['Yiruma', 'Yiruma']
1019366	['Camille Saint-Saens']
1023106	['Abir Sharma']
1016301	['Gorillaz', 'Gorillaz']
101077	['John Rutter Sam Welch']
1008981	['Compateur']
101973	['Joe Zawinul']
1020116	['Bear Mccreary']
1022266	['Astor Piazzolla']
100109	['Jonathan Hill']
103230	['Ruwan Jay']
100457	['I.N.Art Studios', 'Shakira', 'Shakira']
1025696	['Les Feuilles Mortes']
100555	['John Rutter Sam Welch']
1031641	['Hanson-Lee Harjono', 'Hanson-Lee Harjono']
1032651	['Viola King']
101822	['Freddie Mercury']
101770	['Sam Lipman']
1030786	['Duc. De Cedronio']
1013811	['Daniel Ingram']
100725	['Alexandre Dumont']
100495	['Nebuer']
100582	['François Reincke']
1013191	['Fun Janelle Monáe']
1028526	['Matt Andrew']
101781	['Shostglass']
1035046	['Jacob De Haan']
102762	['Priscilla Stubbs']
101859	['Hans Zimmer']
331966	['Eric Fontaine']
1018501	['Kabass']
103210	['Pixinguinha']
101079	['Livan Nalan Venilok']
102022	['Bruce Springsteen']
1023506	['Meghan Trainor']
100755	['E. Elgar H.Patton']
1013106	['Giuseppe Maria Ciravolo']
1029766	['Victor Riaboshapko', 'Victor Riaboshapko', 'Rammstein', 'Rammstein']
1014846	['Lauridsen']
1026351	['Mwböö']
100068	['Abby Orton']
102633	['Dawn Mccollum']
1016251	['Cameron Papandria']
101174	['Kurt Cobain']
1030531	['The Baba Of The Babas']
101823	['Freddie Mercury']
102596	['Foster The People']
1027746	['Ludovico Einaudi']
1023486	['Félix Mendelson']
1031781	['King Crimson']
102642	['Aronzhin']
1015936	['Juan Brito']
5967	['Iain Gilmour']
102953	['Riteous Brothers']
102971	['Nina Simone']
10251	['Alec Targett']
102390	['Jesse Tyler Castaneda']
101260	['Mr. Trey Johnson']
1025681	['Steven M. Kudlo']
1030771	['Mitchell Stevens']
1017031	['Joanna Tsinikou  Varvara Patsiodimou']
100066	['Sam The Great Powerful']
1017346	['田中公平']
101861	['Howard Shore']
10046	['Dixie Chicks']
1033791	['Gabriel Faure']
1023386	['Cèline Dion']
102530	['Tango De Marià Homs']
1034371	['Mark Ronson Ethan Hamilton']
101416	['Sweet Honey The Rocks']
1015911	['Dominique Pons']
1021351	['吕国梁、徐光义词']
1031926	['Tony Mccahill']
100962	['Louis Vierne']
103031	['Ann Ronell']
101567	['Hayden Elshaw']
102635	['Sean Harrington']
1013256	['Fun Janelle Monáe']
101444	['Alex Jasper']
1026736	['Karl Jenkins']
101168	['Kyle Jelen']
1025061	['Michel Sardou', 'Michel Sardou']
100027	['Franz Schubert']
100454	['Malik Ming']
6054543	['Hector Berlioz', 'Hector Berlioz']
1023401	['Purple Schulz']
1021411	['Rudi Schäfer', 'Melodie Rudi Schäfer']
1035236	['Faraji Kendagor']
1021146	['Manuel M. Ponce']
1017956	['Francesc Bitlloch']
103574	['L.E.Kenny']
1033151	['D.F.']
101484	['Claudio Miranda']
100464	['John T. Graves']
101637	['J.J.Derwin']
101733	['Karl Hoschna']
103269	['C. Gardel']
1027721	['François Noëll']
1031581	['Lucy Berman']
100339	['Max Bilyk']
1029421	['Jun Ishikawa']
1035586	['Дарин Сысоев']
100259	['Jay Althouse']
1031036	['Quentin Doyen']
102566	['Butch Cornell']
101948	['Tiana Menezes']
102571	['Guillermo Gomez U.']
103519	['Brittany Mccrea']
1015456	['Adolphe Adam Cantique De Noel']
100213	['John Banister']
102872	['Robert Ellis']
1026901	['Pachelbel']
101169	['D. Duncan']
6283409	['John Williams']
