ID	composer
151161	L. V. Beethoven
4481581	P. F. Carera
4481616	P. F. Carera
6006270	T. Fox
780086	K. Kondo
5889361	W. A. Mozart
5325451	Y. Kato  加藤 洋平
1193491	J. S. Bach
167333	L. V. Beethoven
6061513	Y. Kato  加藤 洋平
5272992	J. Williams
5987173	W. A. Mozart
5703105	J. Williams
5835767	W. A. Mozart
6352684	W. A. Mozart
6030596	J. S. Bach
5113242	T. Fox
1910631	J. Williams
2165986	W. A. Mozart
3468406	J. S. Bach
4814488	T. Fox
2459141	J. S. Bach
5944653	J. Williams
5027296	W. A. Mozart
1812806	J. Williams
5026832	J. S. Bach
5130018	Y. Kato  加藤 洋平
4862292	J. Williams
5329207	L. V. Beethoven
5453840	J. S. Bach
5077565	P. F. Carera
5182293	P. F. Carera
5052251	J. Williams
1173161	J. Williams
5318436	W. A. Mozart
2030096	J. Williams
5591097	K. Kondo
4998879	P. F. Carera
5191994	L. V. Beethoven
6372768	L. V. Beethoven
5508867	J. S. Bach
5366445	Y. Kato  加藤 洋平
2370041	A. Vivaldi
6063214	T. Fox
1717831	J. S. Bach
5039230	P. F. Carera
40556	J. S. Bach
4876861	P. F. Carera
644091	J. S. Bach
5969962	K. Kondo
1720231	J. S. Bach
5118295	P. F. Carera
5460204	Y. Kato  加藤 洋平
6243133	J. S. Bach
4141911	J. S. Bach
5936335	W. A. Mozart
6429388	A. Vivaldi
130942	J. S. Bach
5041150	P. F. Carera
4051186	L. V. Beethoven
5129298	J. S. Bach
5956276	J. S. Bach
4846357	L. V. Beethoven
5401168	K. Kondo
117279	J. S. Bach
5933622	J. S. Bach
5772607	Y. Kato  加藤 洋平
5799905	T. Fox
6288743	L. V. Beethoven
6071472	L. V. Beethoven
5986451	J. S. Bach
6290031	J. Williams
5928404	J. S. Bach
5873120	Y. Kato  加藤 洋平
1727771	J. S. Bach
5832189	W. A. Mozart
585361	J. S. Bach
5076306	J. S. Bach
2901666	J. S. Bach
5639416	Y. Kato  加藤 洋平
842896	W. A. Mozart
5041062	P. F. Carera
5978555	A. Antão
5077638	P. F. Carera
1032401	J. S. Bach
6048111	Y. Kato  加藤 洋平
4915929	J. S. Bach
1720296	J. Williams
5833178	A. Vivaldi
5518140	J. S. Bach
6444135	Y. Kato  加藤 洋平
6130685	L. V. Beethoven
6423000	W. A. Mozart
6107150	Y. Kato  加藤 洋平
40621	W. A. Mozart
5589574	J. S. Bach
6288518	Y. Kato  加藤 洋平
116151	J. S. Bach
4649006	P. F. Carera
2165901	W. A. Mozart
2405036	T. Fox
5836733	A. Antão
5868324	L. V. Beethoven
848626	K. Kondo
2584131	J. S. Bach
5188753	P. F. Carera
6361474	L. V. Beethoven
6219244	K. Kondo
6109159	Y. Kato  加藤 洋平
6054028	L. V. Beethoven
95692	J. S. Bach
1439241	K. Kondo
4649541	P. F. Carera
5056326	J. Williams
6024861	Y. Kato  加藤 洋平
4916573	P. F. Carera
1672596	J. Williams
5301900	T. Fox
2864491	J. S. Bach
3184736	J. S. Bach
5081943	J. Williams
6011711	J. S. Bach
4649651	P. F. Carera
2359361	T. Fox
4916600	P. F. Carera
6246329	A. Antão
64326	L. V. Beethoven
5261759	A. Vivaldi
5844492	W. A. Mozart
6424962	Y. Kato  加藤 洋平
4997842	P. F. Carera
4916787	P. F. Carera
4996398	P. F. Carera
724891	J. S. Bach
6264658	L. V. Beethoven
124541	L. V. Beethoven
4150561	J. S. Bach
4145886	J. S. Bach
6270525	W. A. Mozart
6351681	K. Kondo
5022157	J. S. Bach
5818645	J. S. Bach
4859991	J. S. Bach
4916758	P. F. Carera
5549830	W. A. Mozart
1918686	T. Fox
5951241	K. Kondo
878826	J. Williams
5213604	W. A. Mozart
3857196	P. F. Carera
5545733	J. S. Bach
5607689	W. A. Mozart
5554416	T. Fox
2503126	L. V. Beethoven
5560263	J. Williams
5855072	J. S. Bach
5143245	J. S. Bach
5004096	T. Fox
5243108	J. S. Bach
5912459	L. V. Beethoven
2326601	W. A. Mozart
609176	L. V. Beethoven
5874714	Y. Kato  加藤 洋平
66224	K. Kondo
5361060	W. A. Mozart
5403292	L. V. Beethoven
102848	J. S. Bach
5381814	A. Vivaldi
5975220	J. S. Bach
5826040	K. Kondo
1780551	L. V. Beethoven
2880841	J. S. Bach
5461489	W. A. Mozart
182317	W. A. Mozart
3193026	J. S. Bach
6159418	Y. Kato  加藤 洋平
6245301	L. V. Beethoven
4715641	A. Vivaldi
5992027	Y. Kato  加藤 洋平
5985366	W. A. Mozart
167760	J. Williams
5824591	A. Vivaldi
6358927	A. Vivaldi
6475143	Y. Kato  加藤 洋平
5648604	A. Vivaldi
5118733	J. S. Bach
3061656	J. S. Bach
4885847	K. Kondo
5350902	J. S. Bach
4892144	J. S. Bach
5919176	Y. Kato  加藤 洋平
6329858	Y. Kato  加藤 洋平
4471721	W. A. Mozart
6335914	Y. Kato  加藤 洋平
130416	J. S. Bach
2218526	T. Fox
6004207	W. A. Mozart
5326789	J. Williams
2177506	T. Fox
5798901	Y. Kato  加藤 洋平
6061770	J. S. Bach
5182285	P. F. Carera
5970673	Y. Kato  加藤 洋平
5745009	L. V. Beethoven
5886301	Y. Kato  加藤 洋平
6093610	J. S. Bach
6203666	T. Fox
6058515	J. S. Bach
43751	K. Kondo
3808166	T. Fox
5843336	Y. Kato  加藤 洋平
1538906	W. A. Mozart
5207436	J. S. Bach
5257593	L. V. Beethoven
5545392	J. Williams
978746	J. S. Bach
4916458	P. F. Carera
4874541	T. Fox
5586206	W. A. Mozart
5097457	K. Kondo
4427021	W. A. Mozart
6030618	W. A. Mozart
5198174	W. A. Mozart
6286208	W. A. Mozart
6401642	W. A. Mozart
5659430	W. A. Mozart
4476451	P. F. Carera
2154146	J. S. Bach
6145148	A. Antão
4572135	J. S. Bach
6373350	Y. Kato  加藤 洋平
5980249	Y. Kato  加藤 洋平
4997703	P. F. Carera
4724716	J. S. Bach
38795	J. S. Bach
6148086	Y. Kato  加藤 洋平
6439431	A. Antão
5350786	Y. Kato  加藤 洋平
5919799	J. S. Bach
6353546	Y. Kato  加藤 洋平
5274369	J. S. Bach
130179	J. S. Bach
5515051	Y. Kato  加藤 洋平
81940	K. Kondo
4837530	P. F. Carera
4916485	P. F. Carera
4562924	J. S. Bach
3338476	P. F. Carera
5945915	J. S. Bach
5038067	P. F. Carera
6133837	Y. Kato  加藤 洋平
5942325	L. V. Beethoven
723856	J. S. Bach
4384841	J. Williams
5004101	L. V. Beethoven
4839121	P. F. Carera
4838658	P. F. Carera
5309335	W. A. Mozart
58549	K. Kondo
5794392	J. S. Bach
2581201	T. Fox
5727353	J. S. Bach
6025602	W. A. Mozart
5634994	Y. Kato  加藤 洋平
5450852	J. S. Bach
2195436	J. Williams
5098351	W. A. Mozart
170313	L. V. Beethoven
5357876	W. A. Mozart
6073292	T. Fox
6255680	L. V. Beethoven
2788676	L. V. Beethoven
4879582	L. V. Beethoven
5439790	W. A. Mozart
6023013	J. S. Bach
5527118	Y. Kato  加藤 洋平
5038147	P. F. Carera
5064138	J. S. Bach
6352162	J. S. Bach
5646207	J. S. Bach
1920091	L. V. Beethoven
5989229	T. Fox
5118308	P. F. Carera
5731530	J. S. Bach
6371896	W. A. Mozart
5070980	J. S. Bach
5949914	J. Williams
1916911	J. S. Bach
99667	J. S. Bach
6078569	A. Vivaldi
6246176	K. Kondo
4876863	P. F. Carera
5653455	L. V. Beethoven
5671310	Y. Kato  加藤 洋平
4837626	P. F. Carera
4603191	J. S. Bach
5759305	A. Antão
1517816	T. Fox
154423	J. S. Bach
6147456	J. Williams
6364390	J. S. Bach
5954948	W. A. Mozart
6306748	W. A. Mozart
3658886	T. Fox
1198071	J. S. Bach
6172677	W. A. Mozart
4876579	P. F. Carera
87050	J. S. Bach
141710	J. S. Bach
39024	K. Kondo
4994611	J. S. Bach
5732895	L. V. Beethoven
6426915	Y. Kato  加藤 洋平
4167501	P. F. Carera
3171916	J. Williams
6427679	T. Fox
5341210	L. V. Beethoven
5582814	J. S. Bach
89055	J. S. Bach
5531278	W. A. Mozart
6166329	W. A. Mozart
1397386	J. Williams
5361450	J. S. Bach
4895539	J. S. Bach
4798587	P. F. Carera
6030646	J. S. Bach
4913827	K. Kondo
4998869	P. F. Carera
67747	W. A. Mozart
1233226	K. Kondo
4798566	P. F. Carera
6378419	Y. Kato  加藤 洋平
6168150	J. S. Bach
6266819	L. V. Beethoven
5416180	J. S. Bach
1957031	J. S. Bach
5122618	P. F. Carera
6238705	L. V. Beethoven
4795153	J. Williams
6193616	Y. Kato  加藤 洋平
6164927	Y. Kato  加藤 洋平
3675456	J. S. Bach
1361866	W. A. Mozart
5894717	Y. Kato  加藤 洋平
5319116	T. Fox
4876644	P. F. Carera
5177083	J. Williams
5671752	L. V. Beethoven
6291474	Y. Kato  加藤 洋平
4908428	J. S. Bach
6155415	Y. Kato  加藤 洋平
1640691	J. S. Bach
5846730	J. S. Bach
5493008	K. Kondo
4874327	P. F. Carera
4375066	L. V. Beethoven
6209507	K. Kondo
6279101	T. Fox
4865457	K. Kondo
6128153	L. V. Beethoven
5339543	K. Kondo
5466754	J. S. Bach
5545403	J. S. Bach
1613636	J. S. Bach
6164237	J. S. Bach
3329776	P. F. Carera
1027996	J. S. Bach
6063542	Y. Kato  加藤 洋平
6401085	W. A. Mozart
4655591	W. A. Mozart
4626141	J. S. Bach
5122600	P. F. Carera
6054912	Y. Kato  加藤 洋平
6153040	L. V. Beethoven
6155413	Y. Kato  加藤 洋平
6252197	J. Williams
5927763	W. A. Mozart
1684681	W. A. Mozart
131086	J. S. Bach
5310510	Y. Kato  加藤 洋平
5457704	J. S. Bach
4876609	P. F. Carera
5003287	W. A. Mozart
6002718	A. Vivaldi
6190695	W. A. Mozart
131243	J. S. Bach
1751651	J. S. Bach
5377000	J. S. Bach
4655801	L. V. Beethoven
5352187	J. Williams
4934056	J. Williams
5937429	L. V. Beethoven
5201551	J. Williams
5184551	P. F. Carera
1301156	J. S. Bach
6037415	Y. Kato  加藤 洋平
115525	J. S. Bach
6380086	J. S. Bach
3838816	L. V. Beethoven
6037951	A. Antão
5039221	P. F. Carera
5554204	W. A. Mozart
5678250	A. Antão
6286568	J. S. Bach
3499836	K. Kondo
5123957	P. F. Carera
5788075	J. S. Bach
5309727	T. Fox
1776481	L. V. Beethoven
5471608	W. A. Mozart
4837172	P. F. Carera
5253449	J. S. Bach
2538171	T. Fox
6128116	P. F. Carera
5333481	T. Fox
5494197	L. V. Beethoven
6191984	Y. Kato  加藤 洋平
5548767	W. A. Mozart
5829421	J. S. Bach
6304362	W. A. Mozart
4808594	W. A. Mozart
5457628	Y. Kato  加藤 洋平
3960841	W. A. Mozart
2202451	J. Williams
6329873	Y. Kato  加藤 洋平
4049791	J. S. Bach
5985528	W. A. Mozart
5115744	T. Fox
4831852	J. S. Bach
5914691	W. A. Mozart
6091806	Y. Kato  加藤 洋平
5607607	J. S. Bach
4649896	P. F. Carera
5950735	J. S. Bach
6109168	Y. Kato  加藤 洋平
2807601	T. Fox
5041152	P. F. Carera
1695121	J. Williams
6399754	J. S. Bach
132209	J. S. Bach
5381895	W. A. Mozart
4482476	P. F. Carera
5484966	T. Fox
2708471	W. A. Mozart
5627667	J. S. Bach
6259951	L. V. Beethoven
6475142	Y. Kato  加藤 洋平
2520211	J. Williams
4841807	L. V. Beethoven
6215817	Y. Kato  加藤 洋平
1844546	W. A. Mozart
2441341	W. A. Mozart
119974	W. A. Mozart
5039007	P. F. Carera
5695285	J. Williams
4745926	J. S. Bach
4705687	W. A. Mozart
3837136	L. V. Beethoven
4815747	W. A. Mozart
4773176	J. S. Bach
6447253	A. Antão
5888618	L. V. Beethoven
4889771	W. A. Mozart
4482181	P. F. Carera
6265646	J. Williams
5120724	P. F. Carera
5820994	J. Williams
5630032	J. S. Bach
3865206	P. F. Carera
5349255	W. A. Mozart
5737547	J. S. Bach
330651	A. Vivaldi
4718885	J. S. Bach
5514961	L. V. Beethoven
4375311	J. S. Bach
932901	J. S. Bach
6287327	Y. Kato  加藤 洋平
5519621	W. A. Mozart
5099046	L. V. Beethoven
6265922	W. A. Mozart
5335529	W. A. Mozart
5011000	Y. Kato  加藤 洋平
5881708	J. S. Bach
5030024	L. V. Beethoven
6227697	Y. Kato  加藤 洋平
828311	W. A. Mozart
5963753	L. V. Beethoven
4481641	P. F. Carera
6096563	T. Fox
5038150	P. F. Carera
6038605	T. Fox
130213	J. S. Bach
5114430	W. A. Mozart
5884972	A. Antão
195770	K. Kondo
5613465	W. A. Mozart
4904928	L. V. Beethoven
6296123	J. S. Bach
725676	J. S. Bach
4581531	J. Williams
5199288	J. S. Bach
2885916	J. S. Bach
1934656	T. Fox
4838635	P. F. Carera
130161	J. S. Bach
5961075	Y. Kato  加藤 洋平
5364823	L. V. Beethoven
6073862	L. V. Beethoven
4083921	A. Vivaldi
811691	J. S. Bach
5262903	Y. Kato  加藤 洋平
3961866	L. V. Beethoven
6228050	L. V. Beethoven
6288529	Y. Kato  加藤 洋平
617121	W. A. Mozart
4926966	J. Williams
6189299	L. V. Beethoven
6029533	W. A. Mozart
6377543	L. V. Beethoven
6298683	Y. Kato  加藤 洋平
6203534	W. A. Mozart
6220459	A. Antão
5316450	T. Fox
4600987	J. S. Bach
5794678	A. Antão
6129307	Y. Kato  加藤 洋平
5262100	J. S. Bach
5076165	J. S. Bach
3579	J. S. Bach
4650736	P. F. Carera
5264761	J. S. Bach
6176885	T. Fox
1116196	K. Kondo
5079250	P. F. Carera
5963682	L. V. Beethoven
4586149	J. S. Bach
5077624	P. F. Carera
6354768	L. V. Beethoven
4522056	J. S. Bach
5731549	A. Vivaldi
1888471	J. Williams
5080551	P. F. Carera
6219486	W. A. Mozart
6165532	A. Vivaldi
5602969	J. Williams
6383810	Y. Kato  加藤 洋平
5372544	Y. Kato  加藤 洋平
6267708	J. S. Bach
5225524	W. A. Mozart
5535905	T. Fox
5959297	W. A. Mozart
5624522	A. Antão
5887589	Y. Kato  加藤 洋平
5773257	A. Vivaldi
5668607	W. A. Mozart
6089557	K. Kondo
5454446	J. S. Bach
5953076	T. Fox
6188422	Y. Kato  加藤 洋平
1159391	L. V. Beethoven
5911464	J. S. Bach
5980857	J. S. Bach
64634	A. Vivaldi
3459331	L. V. Beethoven
4881742	J. Williams
6422115	J. Williams
85694	K. Kondo
5535137	A. Vivaldi
6465458	A. Antão
6037248	T. Fox
5393066	K. Kondo
5979817	T. Fox
4963878	W. A. Mozart
5627539	W. A. Mozart
3754886	J. S. Bach
5226644	J. Williams
6091649	A. Vivaldi
5831202	J. S. Bach
6357093	Y. Kato  加藤 洋平
6281906	Y. Kato  加藤 洋平
6078074	Y. Kato  加藤 洋平
6057549	J. S. Bach
2221351	T. Fox
5521521	T. Fox
6032853	Y. Kato  加藤 洋平
3379416	J. S. Bach
5293469	T. Fox
4997872	P. F. Carera
3017581	W. A. Mozart
5369999	J. S. Bach
3778261	J. S. Bach
5182271	P. F. Carera
3147126	J. Williams
6242122	Y. Kato  加藤 洋平
534441	J. Williams
89505	K. Kondo
6012809	Y. Kato  加藤 洋平
1562401	W. A. Mozart
1565036	J. Williams
4809685	J. S. Bach
5154978	P. F. Carera
6302955	J. S. Bach
1573771	W. A. Mozart
6137959	Y. Kato  加藤 洋平
1313951	J. S. Bach
6407700	J. S. Bach
1659556	J. S. Bach
4999625	A. Vivaldi
6087316	T. Fox
2078911	J. Williams
5078990	P. F. Carera
4798624	P. F. Carera
34529	K. Kondo
5662410	Y. Kato  加藤 洋平
2971001	L. V. Beethoven
5947335	J. Williams
5203491	A. Vivaldi
6321046	Y. Kato  加藤 洋平
1204321	L. V. Beethoven
2087666	J. Williams
6141682	A. Antão
4798526	P. F. Carera
6289483	W. A. Mozart
5877494	T. Fox
5866352	L. V. Beethoven
6353765	J. S. Bach
5134799	K. Kondo
6023911	W. A. Mozart
5982632	J. S. Bach
5077663	P. F. Carera
1699596	T. Fox
6163111	Y. Kato  加藤 洋平
4915030	P. F. Carera
5250026	W. A. Mozart
725401	J. S. Bach
156035	J. S. Bach
5418496	A. Vivaldi
6048152	K. Kondo
4916504	P. F. Carera
5445577	J. S. Bach
5865051	A. Antão
775341	J. S. Bach
928816	J. S. Bach
6426584	K. Kondo
6351312	L. V. Beethoven
6129380	L. V. Beethoven
5123935	P. F. Carera
6332676	J. S. Bach
1914736	T. Fox
4685916	J. S. Bach
5933163	J. Williams
5989060	T. Fox
410481	J. S. Bach
6416654	J. S. Bach
5860078	A. Antão
4872463	W. A. Mozart
5031879	W. A. Mozart
6024260	T. Fox
4914964	P. F. Carera
4848756	J. Williams
6285829	J. S. Bach
5117979	P. F. Carera
5081932	J. Williams
6332272	J. S. Bach
1894146	T. Fox
5515237	J. S. Bach
6435326	K. Kondo
6417205	W. A. Mozart
5622000	Y. Kato  加藤 洋平
5962909	T. Fox
5871597	Y. Kato  加藤 洋平
6216692	J. S. Bach
4406011	A. Vivaldi
6093684	K. Kondo
5029857	J. S. Bach
5046250	K. Kondo
5520346	W. A. Mozart
2085886	J. Williams
5965400	Y. Kato  加藤 洋平
5218324	K. Kondo
5957049	J. S. Bach
3957516	J. S. Bach
6122487	J. S. Bach
5866775	J. S. Bach
78502	L. V. Beethoven
6072190	A. Antão
184458	L. V. Beethoven
6038671	L. V. Beethoven
1628151	J. S. Bach
5496101	J. S. Bach
6023091	J. S. Bach
5651482	Y. Kato  加藤 洋平
2008441	K. Kondo
5039013	P. F. Carera
877801	J. Williams
5935483	K. Kondo
5937984	A. Antão
6084610	L. V. Beethoven
1077706	J. Williams
2636896	K. Kondo
6106187	A. Antão
3488956	T. Fox
5475776	L. V. Beethoven
4906760	W. A. Mozart
5298836	L. V. Beethoven
5615244	J. Williams
5300199	A. Vivaldi
154418	J. S. Bach
1139771	L. V. Beethoven
5242148	Y. Kato  加藤 洋平
5578770	K. Kondo
1710636	W. A. Mozart
5936688	J. Williams
5838215	J. S. Bach
5187699	P. F. Carera
6277164	K. Kondo
5848001	Y. Kato  加藤 洋平
6176242	Y. Kato  加藤 洋平
6274905	Y. Kato  加藤 洋平
6197057	T. Fox
6282	J. S. Bach
5039183	P. F. Carera
4844507	W. A. Mozart
700231	J. S. Bach
6054888	A. Antão
3640541	K. Kondo
5347850	Y. Kato  加藤 洋平
2717261	W. A. Mozart
6375647	L. V. Beethoven
5985362	W. A. Mozart
5353513	J. Williams
5675933	Y. Kato  加藤 洋平
5714391	W. A. Mozart
6433175	Y. Kato  加藤 洋平
5893530	J. S. Bach
5212253	P. F. Carera
5733216	A. Antão
6128657	L. V. Beethoven
5203237	W. A. Mozart
5655539	Y. Kato  加藤 洋平
6231063	K. Kondo
5914630	W. A. Mozart
5643038	J. S. Bach
4092106	W. A. Mozart
2523696	W. A. Mozart
40586	J. S. Bach
6219299	J. S. Bach
5188704	P. F. Carera
5163393	J. S. Bach
5578180	Y. Kato  加藤 洋平
6378429	Y. Kato  加藤 洋平
5281885	T. Fox
166412	A. Vivaldi
126321	J. Williams
5955888	J. Williams
6433492	L. V. Beethoven
6379726	K. Kondo
5299114	Y. Kato  加藤 洋平
5300511	A. Vivaldi
6033550	L. V. Beethoven
6190425	L. V. Beethoven
6111088	Y. Kato  加藤 洋平
39139	J. S. Bach
4728891	K. Kondo
5537222	L. V. Beethoven
5426222	J. S. Bach
5924613	J. S. Bach
3322606	J. S. Bach
1175666	W. A. Mozart
5999470	A. Vivaldi
181294	L. V. Beethoven
4915064	P. F. Carera
5879216	J. Williams
107146	J. Williams
5570102	Y. Kato  加藤 洋平
4996295	P. F. Carera
5188850	P. F. Carera
4876859	P. F. Carera
1996966	T. Fox
2836	L. V. Beethoven
5328334	J. S. Bach
5989257	T. Fox
4643691	P. F. Carera
3803126	T. Fox
5947092	Y. Kato  加藤 洋平
5810698	Y. Kato  加藤 洋平
2413221	T. Fox
5381370	J. S. Bach
2322446	K. Kondo
5481837	J. S. Bach
6183054	Y. Kato  加藤 洋平
5048633	A. Vivaldi
4013851	W. A. Mozart
5577967	T. Fox
6329104	J. S. Bach
5923778	Y. Kato  加藤 洋平
6404772	A. Antão
5392729	K. Kondo
2466706	K. Kondo
2377386	J. S. Bach
5193544	J. S. Bach
5460686	T. Fox
5562425	K. Kondo
1999091	W. A. Mozart
5318491	L. V. Beethoven
3173431	W. A. Mozart
5792181	K. Kondo
5876503	J. S. Bach
5321411	L. V. Beethoven
6306724	W. A. Mozart
5000629	A. Vivaldi
5453835	J. S. Bach
4847339	J. S. Bach
889706	K. Kondo
4798626	P. F. Carera
5931364	T. Fox
6302821	W. A. Mozart
5813107	Y. Kato  加藤 洋平
4481731	P. F. Carera
5184618	P. F. Carera
5041124	P. F. Carera
6297356	Y. Kato  加藤 洋平
6344073	K. Kondo
1503756	J. Williams
4795895	P. F. Carera
5949092	J. Williams
4842302	J. Williams
6293179	A. Vivaldi
104140	J. Williams
2656741	L. V. Beethoven
55352	L. V. Beethoven
1857006	J. S. Bach
5963985	W. A. Mozart
6051264	J. Williams
5155754	P. F. Carera
841376	L. V. Beethoven
6115542	J. S. Bach
5317293	Y. Kato  加藤 洋平
4650836	P. F. Carera
4713256	J. Williams
5133221	L. V. Beethoven
5183350	P. F. Carera
5385931	K. Kondo
2682576	K. Kondo
5079117	P. F. Carera
3933436	W. A. Mozart
3923496	J. S. Bach
6400634	W. A. Mozart
6159414	Y. Kato  加藤 洋平
4839157	P. F. Carera
6167134	J. S. Bach
5320278	T. Fox
151390	J. S. Bach
5210242	A. Vivaldi
5846655	Y. Kato  加藤 洋平
824686	J. S. Bach
5985511	W. A. Mozart
4890054	J. Williams
6305820	Y. Kato  加藤 洋平
130564	J. S. Bach
5578245	J. Williams
5633293	J. S. Bach
6374797	Y. Kato  加藤 洋平
5065125	K. Kondo
5228200	K. Kondo
5864582	Y. Kato  加藤 洋平
4582701	J. S. Bach
5213590	W. A. Mozart
1864886	J. Williams
5294738	T. Fox
5318751	Y. Kato  加藤 洋平
5671229	J. Williams
6470917	W. A. Mozart
4521086	J. S. Bach
3447231	J. S. Bach
130559	J. S. Bach
4916481	P. F. Carera
3768281	T. Fox
5691842	Y. Kato  加藤 洋平
5766711	J. S. Bach
2139696	W. A. Mozart
5464513	J. Williams
547041	J. Williams
6058808	W. A. Mozart
5486635	J. S. Bach
2733076	W. A. Mozart
6093993	Y. Kato  加藤 洋平
6371140	W. A. Mozart
5370993	J. S. Bach
4650871	P. F. Carera
5188685	P. F. Carera
5988956	K. Kondo
2636926	T. Fox
6230637	K. Kondo
5615141	W. A. Mozart
4724160	J. S. Bach
6446796	T. Fox
5930078	J. S. Bach
6063408	J. S. Bach
5538841	Y. Kato  加藤 洋平
6037145	A. Vivaldi
6305712	J. S. Bach
6434166	L. V. Beethoven
4911074	K. Kondo
5707646	A. Vivaldi
5320398	K. Kondo
6218847	Y. Kato  加藤 洋平
3816261	J. S. Bach
818446	W. A. Mozart
134471	J. S. Bach
4900397	W. A. Mozart
5926653	L. V. Beethoven
6041324	L. V. Beethoven
6036633	P. F. Carera
6091786	T. Fox
5805020	W. A. Mozart
5184538	P. F. Carera
5647625	Y. Kato  加藤 洋平
6067658	L. V. Beethoven
5663686	W. A. Mozart
2222121	T. Fox
4473321	J. S. Bach
5867384	L. V. Beethoven
4874263	P. F. Carera
724036	J. S. Bach
5451568	Y. Kato  加藤 洋平
3291741	T. Fox
6177991	Y. Kato  加藤 洋平
2234201	T. Fox
131304	J. S. Bach
6453776	A. Antão
3168406	A. Vivaldi
5041081	P. F. Carera
5182347	P. F. Carera
4875577	P. F. Carera
4438851	J. S. Bach
6136510	J. S. Bach
394556	L. V. Beethoven
5205836	K. Kondo
5775256	J. S. Bach
130017	J. S. Bach
5184149	K. Kondo
59478	L. V. Beethoven
4892198	J. Williams
4916831	P. F. Carera
5296527	T. Fox
4848936	T. Fox
5241216	J. S. Bach
6098383	L. V. Beethoven
3888711	J. S. Bach
4916764	P. F. Carera
6277260	Y. Kato  加藤 洋平
4649936	P. F. Carera
3761061	L. V. Beethoven
5995599	Y. Kato  加藤 洋平
5573117	J. S. Bach
54768	L. V. Beethoven
4065756	L. V. Beethoven
4914987	P. F. Carera
6120826	Y. Kato  加藤 洋平
6322245	J. S. Bach
862701	J. S. Bach
5063626	L. V. Beethoven
6260547	T. Fox
5835998	L. V. Beethoven
4795614	P. F. Carera
4650766	P. F. Carera
5963937	L. V. Beethoven
550281	J. Williams
5166968	Y. Kato  加藤 洋平
5741128	W. A. Mozart
6234842	J. S. Bach
6159426	Y. Kato  加藤 洋平
5119771	P. F. Carera
6008566	T. Fox
5287040	Y. Kato  加藤 洋平
5953551	J. S. Bach
2600046	T. Fox
4837598	P. F. Carera
6222001	Y. Kato  加藤 洋平
1945126	K. Kondo
5582221	K. Kondo
5910358	J. Williams
1670391	T. Fox
5950062	W. A. Mozart
5817907	T. Fox
5073314	J. S. Bach
5970665	Y. Kato  加藤 洋平
847316	J. S. Bach
5510587	K. Kondo
6451031	A. Antão
1101746	J. S. Bach
6355383	Y. Kato  加藤 洋平
5985525	W. A. Mozart
2360931	J. Williams
5184791	W. A. Mozart
5999238	Y. Kato  加藤 洋平
6098214	Y. Kato  加藤 洋平
6374786	Y. Kato  加藤 洋平
5735969	W. A. Mozart
1523866	W. A. Mozart
4837555	P. F. Carera
5607172	A. Vivaldi
3455056	L. V. Beethoven
11856	J. S. Bach
5497439	J. S. Bach
4834877	W. A. Mozart
5290424	J. S. Bach
5038968	P. F. Carera
6399882	L. V. Beethoven
3865351	P. F. Carera
5939336	T. Fox
5041121	P. F. Carera
3837031	J. Williams
5090847	W. A. Mozart
1904076	W. A. Mozart
3394206	T. Fox
1591956	K. Kondo
2084096	J. S. Bach
1933331	J. Williams
6432225	L. V. Beethoven
4980222	W. A. Mozart
5904640	J. S. Bach
3591831	L. V. Beethoven
5381361	Y. Kato  加藤 洋平
6152017	Y. Kato  加藤 洋平
3621771	T. Fox
5918621	A. Antão
4798573	P. F. Carera
5955061	J. S. Bach
4838579	P. F. Carera
5453901	T. Fox
804366	J. S. Bach
6285578	T. Fox
4835108	J. S. Bach
2147851	A. Vivaldi
5828296	J. S. Bach
3314886	W. A. Mozart
5955355	J. S. Bach
149992	W. A. Mozart
6095011	L. V. Beethoven
5891822	Y. Kato  加藤 洋平
2169226	T. Fox
5904947	Y. Kato  加藤 洋平
5948095	L. V. Beethoven
6440599	J. S. Bach
5094696	Y. Kato  加藤 洋平
5673212	L. V. Beethoven
1919601	J. S. Bach
5460209	Y. Kato  加藤 洋平
5795212	W. A. Mozart
6447742	K. Kondo
406726	J. Williams
4997885	P. F. Carera
4062431	J. S. Bach
5357032	K. Kondo
5039419	P. F. Carera
6050494	L. V. Beethoven
5183376	P. F. Carera
5039247	P. F. Carera
2319646	T. Fox
3474731	T. Fox
5966902	J. S. Bach
4838672	P. F. Carera
4790570	W. A. Mozart
6043398	J. S. Bach
2922676	T. Fox
3111096	K. Kondo
6269700	A. Antão
4996318	J. S. Bach
3956516	L. V. Beethoven
161184	J. Williams
5949584	J. S. Bach
4837128	P. F. Carera
90477	K. Kondo
5303143	Y. Kato  加藤 洋平
1686201	K. Kondo
1957866	J. S. Bach
4751031	W. A. Mozart
5995514	W. A. Mozart
5337460	J. S. Bach
4916855	P. F. Carera
5485456	W. A. Mozart
5278378	L. V. Beethoven
5271054	J. S. Bach
6029626	J. S. Bach
4275856	J. S. Bach
1591616	W. A. Mozart
6028303	J. Williams
5098068	J. Williams
3865331	P. F. Carera
1783081	T. Fox
4643261	P. F. Carera
6279200	L. V. Beethoven
2438796	W. A. Mozart
1233001	J. S. Bach
4828749	A. Vivaldi
4470921	P. F. Carera
6087019	L. V. Beethoven
4287151	A. Vivaldi
4916537	P. F. Carera
6379402	A. Vivaldi
5653689	Y. Kato  加藤 洋平
5870946	W. A. Mozart
4482156	P. F. Carera
1746996	T. Fox
1835656	J. S. Bach
6329705	W. A. Mozart
4472391	P. F. Carera
3165391	T. Fox
5963467	J. Williams
5295008	Y. Kato  加藤 洋平
5651470	J. S. Bach
5570325	L. V. Beethoven
4991885	W. A. Mozart
6046809	A. Antão
5678483	T. Fox
2335246	J. Williams
5539365	J. S. Bach
6286935	W. A. Mozart
6218221	J. S. Bach
5119731	P. F. Carera
4300021	J. S. Bach
5302206	A. Vivaldi
704511	W. A. Mozart
6249209	Y. Kato  加藤 洋平
5488607	T. Fox
1695886	J. S. Bach
3022031	T. Fox
5848335	A. Antão
1184906	J. S. Bach
5766263	J. S. Bach
5909704	J. S. Bach
4901539	L. V. Beethoven
5079417	P. F. Carera
783731	J. S. Bach
6421328	J. S. Bach
1620531	K. Kondo
1141201	J. S. Bach
4126191	A. Vivaldi
1364291	J. S. Bach
5720080	J. S. Bach
5616368	Y. Kato  加藤 洋平
5905496	A. Vivaldi
5988578	J. S. Bach
73339	J. Williams
2437586	L. V. Beethoven
6382488	A. Vivaldi
4795601	P. F. Carera
41394	L. V. Beethoven
5185584	P. F. Carera
53267	J. S. Bach
5102486	J. S. Bach
2163241	J. Williams
5120212	W. A. Mozart
1840796	T. Fox
5954440	J. S. Bach
5319594	J. Williams
5939338	A. Antão
5671724	L. V. Beethoven
5909190	Y. Kato  加藤 洋平
6295765	K. Kondo
5886127	A. Vivaldi
6023867	W. A. Mozart
5510564	W. A. Mozart
4916759	P. F. Carera
6290551	L. V. Beethoven
2622056	J. S. Bach
5030984	W. A. Mozart
6273624	A. Vivaldi
78465	A. Vivaldi
4795886	P. F. Carera
5938500	A. Antão
6137724	W. A. Mozart
6102812	J. S. Bach
6399571	J. S. Bach
5361557	J. S. Bach
5609832	A. Antão
6292333	A. Antão
5038132	P. F. Carera
5920748	A. Antão
49032	L. V. Beethoven
6019933	A. Vivaldi
5079178	P. F. Carera
6312461	J. S. Bach
130212	J. S. Bach
5336781	J. S. Bach
6098208	Y. Kato  加藤 洋平
5689774	J. S. Bach
6237509	W. A. Mozart
6427325	A. Vivaldi
5432093	L. V. Beethoven
72085	J. S. Bach
5238779	L. V. Beethoven
5118384	P. F. Carera
240856	J. S. Bach
6374015	L. V. Beethoven
4984982	L. V. Beethoven
919416	J. S. Bach
5948226	W. A. Mozart
5651476	Y. Kato  加藤 洋平
5080541	P. F. Carera
6440964	T. Fox
4427051	W. A. Mozart
511536	L. V. Beethoven
2758126	J. S. Bach
5935386	W. A. Mozart
5876311	Y. Kato  加藤 洋平
6131622	Y. Kato  加藤 洋平
4916467	P. F. Carera
4222331	T. Fox
67513	W. A. Mozart
6053353	L. V. Beethoven
6006654	J. S. Bach
5617136	T. Fox
5373255	L. V. Beethoven
5003770	K. Kondo
5648193	Y. Kato  加藤 洋平
4936693	J. Williams
2619341	J. Williams
5993774	J. S. Bach
4875337	P. F. Carera
5297671	Y. Kato  加藤 洋平
5936261	A. Vivaldi
2490136	J. Williams
5705449	W. A. Mozart
6351921	Y. Kato  加藤 洋平
5834641	Y. Kato  加藤 洋平
5793975	J. S. Bach
5928942	K. Kondo
5503073	T. Fox
4946378	L. V. Beethoven
3955086	J. Williams
4823135	L. V. Beethoven
3764851	J. Williams
6092296	J. S. Bach
6061517	Y. Kato  加藤 洋平
5483196	K. Kondo
5859190	W. A. Mozart
5302430	J. Williams
3695011	T. Fox
6108814	W. A. Mozart
5454198	T. Fox
6190597	A. Antão
5120404	P. F. Carera
5194399	J. S. Bach
6143823	K. Kondo
6310674	W. A. Mozart
1829171	J. S. Bach
5583855	J. S. Bach
1907841	W. A. Mozart
1573971	W. A. Mozart
6023053	Y. Kato  加藤 洋平
5014255	L. V. Beethoven
3064436	J. S. Bach
4874301	P. F. Carera
1787911	T. Fox
5002450	J. Williams
5317416	T. Fox
5184587	P. F. Carera
6418406	J. S. Bach
2205801	J. Williams
5437146	T. Fox
1182751	J. S. Bach
5080485	P. F. Carera
4991584	T. Fox
5682546	Y. Kato  加藤 洋平
4996359	P. F. Carera
6049853	W. A. Mozart
5073205	W. A. Mozart
5918566	J. S. Bach
4837537	P. F. Carera
6233770	A. Antão
5561608	W. A. Mozart
4882008	L. V. Beethoven
5151067	P. F. Carera
6019446	Y. Kato  加藤 洋平
5552605	J. Williams
5245732	T. Fox
4611385	W. A. Mozart
4832192	W. A. Mozart
5185821	P. F. Carera
5177369	K. Kondo
5615078	Y. Kato  加藤 洋平
5962688	L. V. Beethoven
778791	J. Williams
5831757	Y. Kato  加藤 洋平
1074426	J. S. Bach
5888678	L. V. Beethoven
3996311	K. Kondo
5013135	J. S. Bach
5909334	W. A. Mozart
5782451	W. A. Mozart
5919897	L. V. Beethoven
6240202	W. A. Mozart
5653953	L. V. Beethoven
2050886	W. A. Mozart
5505869	L. V. Beethoven
6252795	K. Kondo
1291731	T. Fox
4217091	A. Vivaldi
5910319	J. S. Bach
32275	W. A. Mozart
5132760	J. Williams
5908132	J. S. Bach
5472702	L. V. Beethoven
5209035	J. S. Bach
51115	W. A. Mozart
4870387	J. S. Bach
6377533	L. V. Beethoven
4976201	W. A. Mozart
5648251	J. S. Bach
416986	J. S. Bach
4554950	J. S. Bach
4839095	P. F. Carera
4985858	W. A. Mozart
5954032	J. S. Bach
6172242	Y. Kato  加藤 洋平
4831919	L. V. Beethoven
2705601	T. Fox
6350284	K. Kondo
23973	J. S. Bach
5985386	K. Kondo
4506226	J. S. Bach
2150521	K. Kondo
3498531	L. V. Beethoven
5410884	J. S. Bach
3335981	P. F. Carera
6235061	Y. Kato  加藤 洋平
6094724	A. Vivaldi
1676171	K. Kondo
4525516	W. A. Mozart
3887676	J. Williams
5182287	P. F. Carera
5913258	L. V. Beethoven
399866	J. Williams
5640409	Y. Kato  加藤 洋平
5702797	W. A. Mozart
4874265	P. F. Carera
6466429	T. Fox
5494737	T. Fox
5524148	L. V. Beethoven
4946169	J. S. Bach
5680433	W. A. Mozart
5720357	T. Fox
1560411	T. Fox
6160331	A. Antão
5615600	L. V. Beethoven
454311	J. S. Bach
4652612	J. S. Bach
5921465	W. A. Mozart
3874316	T. Fox
5911714	J. Williams
237496	J. S. Bach
5550065	W. A. Mozart
6183057	Y. Kato  加藤 洋平
5821836	J. S. Bach
5080505	P. F. Carera
3169961	T. Fox
5861791	A. Antão
5875530	J. Williams
6188428	Y. Kato  加藤 洋平
2299036	W. A. Mozart
1590761	T. Fox
5674855	A. Antão
4169046	W. A. Mozart
46265	L. V. Beethoven
4869749	J. S. Bach
5825226	W. A. Mozart
3664946	J. Williams
148803	K. Kondo
1467481	A. Vivaldi
4658110	J. S. Bach
5618689	Y. Kato  加藤 洋平
5848003	Y. Kato  加藤 洋平
144076	J. S. Bach
1286191	J. S. Bach
3856886	P. F. Carera
5528811	J. S. Bach
5366065	J. Williams
5548915	W. A. Mozart
6086177	A. Vivaldi
5909074	A. Antão
5123994	P. F. Carera
56458	L. V. Beethoven
5069749	Y. Kato  加藤 洋平
5291310	Y. Kato  加藤 洋平
5671697	L. V. Beethoven
6371997	Y. Kato  加藤 洋平
5641849	Y. Kato  加藤 洋平
5460206	T. Fox
604171	K. Kondo
5257563	J. S. Bach
4787199	W. A. Mozart
5215284	J. S. Bach
5910946	J. S. Bach
3804286	J. S. Bach
5923333	J. S. Bach
1881201	T. Fox
6342074	K. Kondo
6212510	J. Williams
6440724	A. Antão
4876624	P. F. Carera
6291219	J. S. Bach
4886475	W. A. Mozart
5187683	P. F. Carera
5152918	P. F. Carera
1468551	J. Williams
4824798	J. S. Bach
250591	J. S. Bach
6431002	A. Vivaldi
4454031	J. S. Bach
4889754	L. V. Beethoven
4914886	P. F. Carera
5127361	J. Williams
5896612	J. Williams
6104664	J. Williams
6222243	J. Williams
6139766	Y. Kato  加藤 洋平
5677110	J. S. Bach
5289379	J. S. Bach
6423505	Y. Kato  加藤 洋平
3256921	J. Williams
3329446	J. S. Bach
6010659	J. S. Bach
2385146	K. Kondo
2087766	J. Williams
6039443	Y. Kato  加藤 洋平
5080850	W. A. Mozart
2874306	J. S. Bach
6368463	J. S. Bach
3590576	J. S. Bach
5670518	J. S. Bach
1655306	W. A. Mozart
5380162	J. S. Bach
6268277	L. V. Beethoven
262866	K. Kondo
5452112	W. A. Mozart
1979236	K. Kondo
5444079	J. S. Bach
3549906	T. Fox
5185799	P. F. Carera
5917901	L. V. Beethoven
5469682	J. S. Bach
5987205	W. A. Mozart
6356477	W. A. Mozart
6475362	K. Kondo
2447576	A. Vivaldi
5496223	J. Williams
5041271	P. F. Carera
5217731	P. F. Carera
278706	J. S. Bach
5267968	J. S. Bach
5120953	L. V. Beethoven
3187041	T. Fox
5901474	T. Fox
5123928	P. F. Carera
6388980	J. S. Bach
3309161	L. V. Beethoven
5591808	Y. Kato  加藤 洋平
75605	W. A. Mozart
5432316	T. Fox
6150103	Y. Kato  加藤 洋平
3345096	J. S. Bach
6274529	J. S. Bach
6244850	J. S. Bach
5943292	W. A. Mozart
5128331	W. A. Mozart
5937032	J. S. Bach
6323098	K. Kondo
6297357	Y. Kato  加藤 洋平
5533201	J. Williams
6412607	Y. Kato  加藤 洋平
5079097	P. F. Carera
79840	W. A. Mozart
2311966	T. Fox
4319591	W. A. Mozart
5272131	W. A. Mozart
80344	A. Vivaldi
130871	J. S. Bach
5328315	J. Williams
6267327	T. Fox
6439274	L. V. Beethoven
5804953	T. Fox
130843	J. S. Bach
5336770	J. S. Bach
6102900	Y. Kato  加藤 洋平
5140970	J. S. Bach
5985440	W. A. Mozart
5691244	W. A. Mozart
4837616	P. F. Carera
6086639	J. S. Bach
5588493	K. Kondo
2449091	K. Kondo
5127822	Y. Kato  加藤 洋平
5009669	J. S. Bach
2606661	T. Fox
5896040	Y. Kato  加藤 洋平
5119727	P. F. Carera
6017704	A. Antão
5735705	J. Williams
6066742	L. V. Beethoven
3878081	J. Williams
5235954	J. Williams
5183374	P. F. Carera
5001692	J. S. Bach
6023915	W. A. Mozart
2239981	W. A. Mozart
4323011	A. Vivaldi
6236514	Y. Kato  加藤 洋平
5917892	L. V. Beethoven
6244804	J. S. Bach
6328157	J. S. Bach
5875355	L. V. Beethoven
4598802	J. S. Bach
6012812	Y. Kato  加藤 洋平
2137626	T. Fox
5871345	L. V. Beethoven
4817545	L. V. Beethoven
5686970	A. Antão
1888051	L. V. Beethoven
3673951	L. V. Beethoven
5606728	T. Fox
5890449	Y. Kato  加藤 洋平
1099456	L. V. Beethoven
4436571	W. A. Mozart
3607621	J. S. Bach
6229201	Y. Kato  加藤 洋平
5861675	A. Antão
5079152	P. F. Carera
5184467	L. V. Beethoven
4667056	T. Fox
5626446	Y. Kato  加藤 洋平
6079930	Y. Kato  加藤 洋平
5639160	J. S. Bach
5041065	P. F. Carera
5497902	L. V. Beethoven
769936	K. Kondo
5778612	W. A. Mozart
509201	A. Vivaldi
4998836	L. V. Beethoven
5876686	J. S. Bach
2473361	W. A. Mozart
53004	J. S. Bach
5415928	J. Williams
2355651	W. A. Mozart
5518298	J. Williams
4472266	P. F. Carera
5650511	T. Fox
5665777	Y. Kato  加藤 洋平
4834124	T. Fox
5370493	L. V. Beethoven
4796270	W. A. Mozart
6030610	W. A. Mozart
6058531	A. Antão
5367658	W. A. Mozart
3339981	L. V. Beethoven
5323092	K. Kondo
5131762	W. A. Mozart
6060253	K. Kondo
5336324	T. Fox
1474301	J. S. Bach
5316066	J. Williams
240661	J. S. Bach
4914893	P. F. Carera
4380331	J. S. Bach
5117189	J. S. Bach
6012818	Y. Kato  加藤 洋平
130626	J. S. Bach
5492978	K. Kondo
5656717	Y. Kato  加藤 洋平
5046159	J. S. Bach
5407789	J. S. Bach
5997052	K. Kondo
4949758	J. S. Bach
5118674	T. Fox
5334531	T. Fox
5942927	A. Antão
6265944	L. V. Beethoven
5435359	T. Fox
1779626	T. Fox
5212311	P. F. Carera
1172026	L. V. Beethoven
5110680	J. S. Bach
5677335	K. Kondo
1154206	J. S. Bach
6214712	K. Kondo
2064796	J. S. Bach
5582540	Y. Kato  加藤 洋平
6094592	J. Williams
4876891	P. F. Carera
5626667	L. V. Beethoven
4542066	W. A. Mozart
5210082	J. Williams
5495959	J. S. Bach
5187624	P. F. Carera
5509328	J. S. Bach
111775	J. S. Bach
6383390	A. Vivaldi
5175188	W. A. Mozart
5138953	T. Fox
1897821	T. Fox
3325416	T. Fox
5705924	K. Kondo
5669939	Y. Kato  加藤 洋平
6438392	L. V. Beethoven
125755	W. A. Mozart
5118372	P. F. Carera
5969404	W. A. Mozart
6023926	W. A. Mozart
468786	J. S. Bach
2560686	W. A. Mozart
5277116	Y. Kato  加藤 洋平
6080061	A. Vivaldi
2885091	A. Vivaldi
5951150	T. Fox
4977487	J. S. Bach
6128003	J. S. Bach
489416	K. Kondo
5862011	W. A. Mozart
6321729	J. S. Bach
3192766	J. S. Bach
6196158	L. V. Beethoven
6384461	K. Kondo
5183373	P. F. Carera
5142618	J. Williams
3862441	P. F. Carera
2723146	T. Fox
4990952	J. S. Bach
5462090	L. V. Beethoven
6319464	W. A. Mozart
6404414	T. Fox
4903765	W. A. Mozart
5080520	P. F. Carera
6190186	K. Kondo
5938723	A. Antão
6282132	A. Antão
6124607	A. Antão
5068815	W. A. Mozart
1983011	T. Fox
3927021	T. Fox
6283299	K. Kondo
5514296	T. Fox
130028	J. S. Bach
5880452	L. V. Beethoven
5501860	W. A. Mozart
343061	W. A. Mozart
5932676	K. Kondo
5987198	W. A. Mozart
3036926	J. S. Bach
6348108	J. S. Bach
5668280	J. Williams
5666441	L. V. Beethoven
5947094	Y. Kato  加藤 洋平
5229788	J. S. Bach
6099501	A. Antão
5343624	Y. Kato  加藤 洋平
6288527	Y. Kato  加藤 洋平
3779096	W. A. Mozart
5039150	P. F. Carera
5891454	W. A. Mozart
6015118	J. S. Bach
4798634	P. F. Carera
5928541	J. S. Bach
5488197	Y. Kato  加藤 洋平
5672039	Y. Kato  加藤 洋平
6377367	J. S. Bach
2380666	W. A. Mozart
6470959	W. A. Mozart
5187663	P. F. Carera
6171889	A. Vivaldi
5151091	P. F. Carera
6176605	T. Fox
47690	J. S. Bach
5671731	L. V. Beethoven
5882676	W. A. Mozart
6417524	A. Vivaldi
4859678	J. S. Bach
5269747	J. S. Bach
23881	J. S. Bach
6212582	Y. Kato  加藤 洋平
6422551	L. V. Beethoven
5396823	J. Williams
5987064	W. A. Mozart
5537233	L. V. Beethoven
5547404	W. A. Mozart
5598561	J. S. Bach
5440403	J. S. Bach
6207559	Y. Kato  加藤 洋平
5157223	L. V. Beethoven
3073536	J. S. Bach
2326651	T. Fox
6265812	J. Williams
5531112	K. Kondo
50459	L. V. Beethoven
6234451	T. Fox
5712904	J. S. Bach
3811351	J. S. Bach
5677065	Y. Kato  加藤 洋平
5703936	W. A. Mozart
4867498	W. A. Mozart
1158711	J. S. Bach
5039224	P. F. Carera
5039136	P. F. Carera
75508	J. S. Bach
4555808	J. S. Bach
1840056	T. Fox
5146680	A. Vivaldi
5119740	P. F. Carera
4479216	J. S. Bach
6376560	Y. Kato  加藤 洋平
6459096	A. Antão
1279226	J. Williams
4737001	J. S. Bach
5387758	J. S. Bach
1361726	W. A. Mozart
4797162	P. F. Carera
5968286	L. V. Beethoven
1927616	L. V. Beethoven
5518360	W. A. Mozart
6346364	A. Antão
4998926	P. F. Carera
6065419	J. S. Bach
5837785	A. Antão
619041	L. V. Beethoven
2297006	A. Vivaldi
5485708	W. A. Mozart
5868393	J. Williams
5595182	J. S. Bach
2146246	J. Williams
5216368	P. F. Carera
6413727	L. V. Beethoven
5472415	K. Kondo
5215500	K. Kondo
5170793	J. S. Bach
6242571	L. V. Beethoven
2911106	T. Fox
4599716	T. Fox
5975096	W. A. Mozart
3204541	J. S. Bach
6127266	A. Antão
5638528	Y. Kato  加藤 洋平
3636796	K. Kondo
3036411	J. S. Bach
5474327	K. Kondo
6163676	W. A. Mozart
5764543	W. A. Mozart
3822536	K. Kondo
6330055	J. S. Bach
4795587	P. F. Carera
4917110	J. Williams
6139784	Y. Kato  加藤 洋平
1158261	J. S. Bach
5536225	Y. Kato  加藤 洋平
4940957	J. S. Bach
6035118	Y. Kato  加藤 洋平
6004388	J. Williams
3463891	J. S. Bach
5898215	L. V. Beethoven
5068310	Y. Kato  加藤 洋平
791736	J. Williams
3862406	P. F. Carera
5330953	J. S. Bach
130386	J. S. Bach
4924446	J. S. Bach
5948382	W. A. Mozart
4989523	J. S. Bach
5155020	P. F. Carera
5505505	K. Kondo
2366851	J. Williams
4798649	P. F. Carera
136641	J. Williams
6207538	Y. Kato  加藤 洋平
16641	W. A. Mozart
5321081	J. S. Bach
3509881	T. Fox
1136591	J. S. Bach
29972	J. S. Bach
5306636	J. S. Bach
5899055	L. V. Beethoven
6093198	J. S. Bach
6398681	J. S. Bach
5893106	W. A. Mozart
6017924	J. S. Bach
5481488	W. A. Mozart
5279769	W. A. Mozart
5637783	J. S. Bach
3785321	J. S. Bach
6122240	A. Antão
159305	L. V. Beethoven
1546621	W. A. Mozart
5296263	Y. Kato  加藤 洋平
5321734	L. V. Beethoven
5605607	Y. Kato  加藤 洋平
1297981	K. Kondo
5896097	J. S. Bach
164075	J. S. Bach
6113406	Y. Kato  加藤 洋平
1422931	J. Williams
5273075	L. V. Beethoven
6280308	W. A. Mozart
4837584	P. F. Carera
6223528	Y. Kato  加藤 洋平
1354716	K. Kondo
5492782	J. S. Bach
1516231	W. A. Mozart
5160856	K. Kondo
824306	J. S. Bach
6323551	A. Antão
6379363	L. V. Beethoven
5653979	L. V. Beethoven
3352526	T. Fox
130021	J. S. Bach
1912466	T. Fox
5921458	W. A. Mozart
6090347	T. Fox
4719489	J. S. Bach
5959137	L. V. Beethoven
4476146	P. F. Carera
5371197	K. Kondo
5930896	Y. Kato  加藤 洋平
5212228	P. F. Carera
4800243	J. Williams
5677069	Y. Kato  加藤 洋平
6410539	K. Kondo
4767981	J. Williams
2453391	L. V. Beethoven
5098526	Y. Kato  加藤 洋平
5897051	A. Vivaldi
4884026	J. S. Bach
5233729	L. V. Beethoven
5617938	J. S. Bach
6023834	J. S. Bach
5439918	T. Fox
5267134	J. Williams
5460201	Y. Kato  加藤 洋平
4860987	W. A. Mozart
5851259	J. S. Bach
4991936	K. Kondo
5885821	J. S. Bach
1237621	L. V. Beethoven
1916501	L. V. Beethoven
749176	J. Williams
5951385	Y. Kato  加藤 洋平
1503841	L. V. Beethoven
2073071	J. S. Bach
6042867	A. Antão
4839110	P. F. Carera
6273702	L. V. Beethoven
6095183	L. V. Beethoven
5537294	W. A. Mozart
6130495	W. A. Mozart
5539275	J. S. Bach
6159785	A. Antão
6239348	J. S. Bach
6418574	J. S. Bach
3654066	A. Vivaldi
5934067	J. Williams
5078994	P. F. Carera
4920371	J. S. Bach
4120076	A. Vivaldi
6331282	Y. Kato  加藤 洋平
5813657	L. V. Beethoven
6237294	J. S. Bach
4849919	L. V. Beethoven
5123970	P. F. Carera
6023903	W. A. Mozart
5647769	J. S. Bach
2108591	L. V. Beethoven
6266000	A. Vivaldi
5673208	L. V. Beethoven
6244859	Y. Kato  加藤 洋平
5966735	Y. Kato  加藤 洋平
620221	W. A. Mozart
981126	J. S. Bach
5027405	L. V. Beethoven
6154365	T. Fox
5865877	J. S. Bach
4482711	P. F. Carera
5395322	T. Fox
2255486	K. Kondo
6061111	J. Williams
5459520	J. Williams
5961066	Y. Kato  加藤 洋平
66616	L. V. Beethoven
56737	L. V. Beethoven
5583703	J. S. Bach
4851618	J. Williams
793706	J. Williams
6285901	Y. Kato  加藤 洋平
5801854	Y. Kato  加藤 洋平
5624594	J. S. Bach
5946149	J. S. Bach
4226726	J. S. Bach
107826	W. A. Mozart
1814176	L. V. Beethoven
6127037	J. S. Bach
6023434	A. Antão
5079128	P. F. Carera
5900694	J. S. Bach
6354295	A. Vivaldi
4351661	T. Fox
6139832	J. S. Bach
4914994	P. F. Carera
6048592	J. S. Bach
4313101	W. A. Mozart
2225411	J. S. Bach
4829845	J. S. Bach
5303555	A. Vivaldi
6437786	K. Kondo
6030284	W. A. Mozart
5990338	T. Fox
511226	J. S. Bach
5940344	J. S. Bach
5954378	T. Fox
5031757	J. Williams
5669645	T. Fox
5442234	W. A. Mozart
6300117	Y. Kato  加藤 洋平
6190860	K. Kondo
5040971	P. F. Carera
5883339	Y. Kato  加藤 洋平
1995116	T. Fox
6086369	J. S. Bach
5659772	Y. Kato  加藤 洋平
118255	L. V. Beethoven
5976639	Y. Kato  加藤 洋平
5496824	K. Kondo
4817681	J. S. Bach
5122875	T. Fox
5340860	Y. Kato  加藤 洋平
5039187	P. F. Carera
5183247	W. A. Mozart
4855086	L. V. Beethoven
5911237	W. A. Mozart
4131236	L. V. Beethoven
5833205	Y. Kato  加藤 洋平
6077185	A. Vivaldi
5334292	J. S. Bach
5003625	J. Williams
6033049	J. S. Bach
6157500	Y. Kato  加藤 洋平
5516999	K. Kondo
5115134	Y. Kato  加藤 洋平
6004262	J. S. Bach
4986778	J. S. Bach
227656	K. Kondo
5300300	A. Vivaldi
3988781	A. Vivaldi
5968061	Y. Kato  加藤 洋平
5655541	Y. Kato  加藤 洋平
6241174	J. S. Bach
5671675	L. V. Beethoven
3237486	J. S. Bach
5963939	L. V. Beethoven
6083212	L. V. Beethoven
5743620	J. S. Bach
130378	J. S. Bach
1587571	T. Fox
1511911	W. A. Mozart
4862576	W. A. Mozart
1235246	L. V. Beethoven
5041193	P. F. Carera
6147323	L. V. Beethoven
5953670	Y. Kato  加藤 洋平
5444131	K. Kondo
5040947	P. F. Carera
42846	W. A. Mozart
3380876	J. Williams
1440661	L. V. Beethoven
4860995	J. Williams
6458633	A. Antão
5890278	J. S. Bach
29587	W. A. Mozart
5155039	P. F. Carera
6220906	A. Vivaldi
6014752	Y. Kato  加藤 洋平
89383	J. Williams
5008177	T. Fox
5838885	J. S. Bach
5683789	Y. Kato  加藤 洋平
6304947	W. A. Mozart
6260880	T. Fox
4437196	L. V. Beethoven
1639976	L. V. Beethoven
5186617	P. F. Carera
6085414	L. V. Beethoven
117843	J. S. Bach
57814	K. Kondo
6105060	Y. Kato  加藤 洋平
5154984	P. F. Carera
5303079	A. Vivaldi
5671652	L. V. Beethoven
5926131	A. Antão
6046248	T. Fox
71184	W. A. Mozart
5360936	J. S. Bach
5843239	Y. Kato  加藤 洋平
3614906	J. Williams
6379864	J. S. Bach
